STATIONID,STATIONNAME,WALKING_TIME_MAX,WALKING_TIME_MIN,WALKING_TIME_AVER,DIRECTOR_E,TIME_TYPE,DATE_TYPE
150995993,西苑,103,22,63,出站,高峰,工作日
150996249,天通苑南,80,27,51,进站,全天,双休日
150996249,天通苑南,105,30,67,出站,全天,双休日
150996251,立水桥,114,49,79,进站,高峰,工作日
150996251,立水桥,119,54,86,出站,高峰,工作日
150996251,立水桥,90,28,58,进站,平峰,工作日
150996251,立水桥,140,43,87,出站,平峰,工作日
150996251,立水桥,90,28,58,进站,全天,双休日
150996251,立水桥,140,43,87,出站,全天,双休日
150996253,立水桥南,93,37,62,进站,高峰,工作日
150996253,立水桥南,89,47,69,出站,高峰,工作日
150996253,立水桥南,80,27,51,进站,平峰,工作日
150996253,立水桥南,105,30,67,出站,平峰,工作日
150996253,立水桥南,80,27,51,进站,全天,双休日
150996253,立水桥南,105,30,67,出站,全天,双休日
150996255,北苑路北,69,16,43,进站,高峰,工作日
150996255,北苑路北,139,28,76,出站,高峰,工作日
150996255,北苑路北,73,25,47,进站,平峰,工作日
150996255,北苑路北,135,31,76,出站,平峰,工作日
150996255,北苑路北,73,25,47,进站,全天,双休日
150996255,北苑路北,135,31,76,出站,全天,双休日
150996257,大屯路东,69,16,43,进站,高峰,工作日
150996257,大屯路东,139,28,76,出站,高峰,工作日
150996257,大屯路东,73,25,47,进站,平峰,工作日
150996257,大屯路东,135,31,76,出站,平峰,工作日
150996257,大屯路东,73,25,47,进站,全天,双休日
150996257,大屯路东,135,31,76,出站,全天,双休日
150996259,惠新西街北口,93,37,62,进站,高峰,工作日
150996259,惠新西街北口,89,47,69,出站,高峰,工作日
150996259,惠新西街北口,80,27,51,进站,平峰,工作日
150996259,惠新西街北口,105,30,67,出站,平峰,工作日
150996259,惠新西街北口,80,27,51,进站,全天,双休日
150996259,惠新西街北口,105,30,67,出站,全天,双休日
150996261,惠新西街南口,234,21,115,进站,高峰,工作日
150996261,惠新西街南口,161,45,101,出站,高峰,工作日
150996261,惠新西街南口,73,29,51,进站,平峰,工作日
150996261,惠新西街南口,177,20,90,出站,平峰,工作日
150996261,惠新西街南口,73,29,51,进站,全天,双休日
150996261,惠新西街南口,177,20,90,出站,全天,双休日
150996263,和平西桥,93,37,62,进站,高峰,工作日
150996263,和平西桥,89,47,69,出站,高峰,工作日
150996263,和平西桥,80,27,51,进站,平峰,工作日
150996263,和平西桥,105,30,67,出站,平峰,工作日
150996263,和平西桥,80,27,51,进站,全天,双休日
150996263,和平西桥,105,30,67,出站,全天,双休日
150996265,和平里北街,93,37,62,进站,高峰,工作日
150996265,和平里北街,89,47,69,出站,高峰,工作日
150996265,和平里北街,80,27,51,进站,平峰,工作日
150996265,和平里北街,105,30,67,出站,平峰,工作日
150996265,和平里北街,80,27,51,进站,全天,双休日
150996265,和平里北街,105,30,67,出站,全天,双休日
150996267,雍和宫,168,113,141,进站,高峰,工作日
150996267,雍和宫,255,93,176,出站,高峰,工作日
150996267,雍和宫,189,101,142,进站,平峰,工作日
150996267,雍和宫,246,87,163,出站,平峰,工作日
150996267,雍和宫,189,101,142,进站,全天,双休日
150996267,雍和宫,246,87,163,出站,全天,双休日
150996269,北新桥,93,37,62,进站,高峰,工作日
150996269,北新桥,89,47,69,出站,高峰,工作日
150996269,北新桥,80,27,51,进站,平峰,工作日
150996269,北新桥,105,30,67,出站,平峰,工作日
150996269,北新桥,80,27,51,进站,全天,双休日
150996269,北新桥,105,30,67,出站,全天,双休日
150996271,张自忠路,98,36,66,进站,高峰,工作日
150996271,张自忠路,106,35,71,出站,高峰,工作日
150996271,张自忠路,107,11,56,进站,平峰,工作日
150996271,张自忠路,108,32,68,出站,平峰,工作日
150996271,张自忠路,107,11,56,进站,全天,双休日
150996271,张自忠路,108,32,68,出站,全天,双休日
150996273,东四,98,36,66,进站,高峰,工作日
150996273,东四,106,35,71,出站,高峰,工作日
150996273,东四,107,11,56,进站,平峰,工作日
150996273,东四,108,32,68,出站,平峰,工作日
150996273,东四,107,11,56,进站,全天,双休日
150996273,东四,108,32,68,出站,全天,双休日
150996275,灯市口,72,20,42,进站,高峰,工作日
150996275,灯市口,85,24,52,出站,高峰,工作日
150996275,灯市口,72,29,50,进站,平峰,工作日
150996275,灯市口,96,32,62,出站,平峰,工作日
150996275,灯市口,72,29,50,进站,全天,双休日
150996275,灯市口,96,32,62,出站,全天,双休日
150996277,东单,179,90,138,进站,高峰,工作日
150996277,东单,379,110,246,出站,高峰,工作日
150996277,东单,229,115,170,进站,平峰,工作日
150996277,东单,264,112,187,出站,平峰,工作日
150996277,东单,229,115,170,进站,全天,双休日
150996277,东单,264,112,187,出站,全天,双休日
150996279,崇文门,161,79,118,进站,高峰,工作日
150996279,崇文门,214,75,148,出站,高峰,工作日
150996279,崇文门,219,61,132,进站,平峰,工作日
150996279,崇文门,216,124,169,出站,平峰,工作日
150996279,崇文门,219,61,132,进站,全天,双休日
150996279,崇文门,216,124,169,出站,全天,双休日
150996281,磁器口,72,20,42,进站,高峰,工作日
150996281,磁器口,85,24,52,出站,高峰,工作日
150996281,磁器口,72,29,50,进站,平峰,工作日
150996281,磁器口,96,32,62,出站,平峰,工作日
150996281,磁器口,72,29,50,进站,全天,双休日
150996281,磁器口,96,32,62,出站,全天,双休日
150996283,天坛东门,72,20,42,进站,高峰,工作日
150996283,天坛东门,85,24,52,出站,高峰,工作日
150996283,天坛东门,72,29,50,进站,平峰,工作日
150996283,天坛东门,96,32,62,出站,平峰,工作日
150996283,天坛东门,72,29,50,进站,全天,双休日
150996283,天坛东门,96,32,62,出站,全天,双休日
150996285,蒲黄榆,72,20,42,进站,高峰,工作日
150996285,蒲黄榆,85,24,52,出站,高峰,工作日
150996285,蒲黄榆,72,29,50,进站,平峰,工作日
150996285,蒲黄榆,96,32,62,出站,平峰,工作日
150996285,蒲黄榆,72,29,50,进站,全天,双休日
150996285,蒲黄榆,96,32,62,出站,全天,双休日
150996287,刘家窑,98,36,66,进站,高峰,工作日
150996287,刘家窑,106,35,71,出站,高峰,工作日
150996287,刘家窑,107,11,56,进站,平峰,工作日
150996287,刘家窑,108,32,68,出站,平峰,工作日
150996287,刘家窑,107,11,56,进站,全天,双休日
150996287,刘家窑,108,32,68,出站,全天,双休日
150996289,宋家庄,213,85,149,进站,高峰,工作日
150996289,宋家庄,169,55,113,出站,高峰,工作日
150996289,宋家庄,126,70,99,进站,平峰,工作日
150996289,宋家庄,154,69,111,出站,平峰,工作日
150996289,宋家庄,126,70,99,进站,全天,双休日
150996289,宋家庄,154,69,111,出站,全天,双休日
150996997,朱辛庄,90,90,90,进站,高峰,工作日
150996997,朱辛庄,90,90,90,进站,平峰,工作日
150996997,朱辛庄,90,90,90,进站,全天,双休日
150996997,朱辛庄,90,90,90,出站,全天,双休日
150996997,朱辛庄,90,90,90,出站,高峰,工作日
150996997,朱辛庄,90,90,90,出站,平峰,工作日
150996999,育知路,90,90,90,进站,高峰,工作日
150996999,育知路,90,90,90,进站,平峰,工作日
150996999,育知路,90,90,90,进站,全天,双休日
150996999,育知路,90,90,90,出站,全天,双休日
150996999,育知路,90,90,90,出站,高峰,工作日
150996999,育知路,90,90,90,出站,平峰,工作日
150997001,平西府,90,90,90,进站,高峰,工作日
150997001,平西府,90,90,90,进站,平峰,工作日
150997001,平西府,90,90,90,进站,全天,双休日
150997001,平西府,90,90,90,出站,全天,双休日
150997001,平西府,90,90,90,出站,高峰,工作日
150997001,平西府,90,90,90,出站,平峰,工作日
150997003,回龙观东大街,90,90,90,进站,高峰,工作日
150997003,回龙观东大街,90,90,90,进站,平峰,工作日
150997003,回龙观东大街,90,90,90,进站,全天,双休日
150997003,回龙观东大街,90,90,90,出站,全天,双休日
150997003,回龙观东大街,90,90,90,出站,高峰,工作日
150995224,四惠,110,21,60,进站,高峰,工作日
150995224,四惠,148,30,83,出站,高峰,工作日
150995224,四惠,55,30,43,进站,平峰,工作日
150995224,四惠,75,25,51,出站,平峰,工作日
150995224,四惠,55,30,43,进站,全天,双休日
150995224,四惠,75,25,51,出站,全天,双休日
150995225,四惠东,149,45,90,进站,高峰,工作日
150995225,四惠东,109,27,65,出站,高峰,工作日
150995225,四惠东,135,26,74,进站,平峰,工作日
150995225,四惠东,106,31,65,出站,平峰,工作日
150995225,四惠东,135,26,74,进站,全天,双休日
150995225,四惠东,106,31,65,出站,全天,双休日
150995457,西直门,660,194,437,进站,高峰,工作日
150995457,西直门,395,207,295,出站,高峰,工作日
150995457,西直门,437,224,327,进站,平峰,工作日
150995457,西直门,390,250,324,出站,平峰,工作日
150995457,西直门,660,194,437,进站,全天,双休日
150995457,西直门,390,250,324,出站,全天,双休日
150995458,车公庄,46,21,32,进站,高峰,工作日
150995458,车公庄,56,20,39,出站,高峰,工作日
150995458,车公庄,56,20,39,进站,平峰,工作日
150995458,车公庄,72,20,46,出站,平峰,工作日
150995458,车公庄,56,20,39,进站,全天,双休日
150995458,车公庄,72,20,46,出站,全天,双休日
150995459,阜成门,46,21,32,进站,高峰,工作日
150995459,阜成门,56,20,39,出站,高峰,工作日
150995459,阜成门,56,20,39,进站,平峰,工作日
150995459,阜成门,72,20,46,出站,平峰,工作日
150995459,阜成门,56,20,39,进站,全天,双休日
150995459,阜成门,72,20,46,出站,全天,双休日
150995460,复兴门,331,84,198,进站,高峰,工作日
150995460,复兴门,350,145,245,出站,高峰,工作日
150995460,复兴门,345,78,207,进站,平峰,工作日
150995460,复兴门,244,106,174,出站,平峰,工作日
150995460,复兴门,350,145,245,出站,全天,双休日
150995460,复兴门,345,78,207,进站,全天,双休日
150995461,长椿街,46,21,32,进站,高峰,工作日
150995461,长椿街,56,20,39,出站,高峰,工作日
150995461,长椿街,56,20,39,进站,平峰,工作日
150995461,长椿街,72,20,46,出站,平峰,工作日
150995461,长椿街,56,20,39,进站,全天,双休日
150995461,长椿街,72,20,46,出站,全天,双休日
150995462,宣武门,398,170,286,进站,高峰,工作日
150995462,宣武门,107,38,70,出站,高峰,工作日
150995462,宣武门,88,39,63,进站,平峰,工作日
150995462,宣武门,124,35,87,出站,平峰,工作日
150995462,宣武门,398,170,286,进站,全天,双休日
150995462,宣武门,124,35,87,出站,全天,双休日
150995463,和平门,46,21,32,进站,高峰,工作日
150995463,和平门,56,20,39,出站,高峰,工作日
150995463,和平门,56,20,39,进站,平峰,工作日
150995463,和平门,72,20,46,出站,平峰,工作日
150995463,和平门,56,20,39,进站,全天,双休日
150995463,和平门,72,20,46,出站,全天,双休日
150995464,前门,46,21,32,进站,高峰,工作日
150995464,前门,56,20,39,出站,高峰,工作日
150995464,前门,56,20,39,进站,平峰,工作日
150995464,前门,72,20,46,出站,平峰,工作日
150995464,前门,56,20,39,进站,全天,双休日
150995464,前门,72,20,46,出站,全天,双休日
150995465,崇文门,395,132,253,进站,高峰,工作日
150995465,崇文门,218,22,127,出站,高峰,工作日
150995465,崇文门,255,79,165,进站,平峰,工作日
150995465,崇文门,260,65,157,出站,平峰,工作日
150995465,崇文门,395,132,253,进站,全天,双休日
150995465,崇文门,260,65,157,出站,全天,双休日
150995466,北京站,46,21,32,进站,高峰,工作日
150995466,北京站,56,20,39,出站,高峰,工作日
150995466,北京站,56,20,39,进站,平峰,工作日
150995466,北京站,72,20,46,出站,平峰,工作日
150995466,北京站,56,20,39,进站,全天,双休日
150995466,北京站,72,20,46,出站,全天,双休日
150995467,建国门,208,21,103,进站,高峰,工作日
150995467,建国门,189,62,141,出站,高峰,工作日
150995467,建国门,130,31,79,进站,平峰,工作日
150995467,建国门,229,121,177,出站,平峰,工作日
150995467,建国门,208,21,103,进站,全天,双休日
150995467,建国门,229,121,177,出站,全天,双休日
150995468,朝阳门,46,21,32,进站,高峰,工作日
150995468,朝阳门,56,20,39,出站,高峰,工作日
150995468,朝阳门,56,20,39,进站,平峰,工作日
150995468,朝阳门,72,20,46,出站,平峰,工作日
150995468,朝阳门,56,20,39,进站,全天,双休日
150995468,朝阳门,72,20,46,出站,全天,双休日
150995469,东四十条,46,21,32,进站,高峰,工作日
150995469,东四十条,56,20,39,出站,高峰,工作日
150995469,东四十条,56,20,39,进站,平峰,工作日
150995469,东四十条,72,20,46,出站,平峰,工作日
150995469,东四十条,56,20,39,进站,全天,双休日
150995469,东四十条,72,20,46,出站,全天,双休日
150995470,东直门,295,150,222,进站,高峰,工作日
150995470,东直门,377,131,249,出站,高峰,工作日
150995470,东直门,268,123,191,进站,平峰,工作日
150995470,东直门,377,149,260,出站,平峰,工作日
150995470,东直门,295,150,222,进站,全天,双休日
150995470,东直门,377,149,260,出站,全天,双休日
150995471,雍和宫,194,88,143,进站,高峰,工作日
150995471,雍和宫,265,87,167,出站,高峰,工作日
150995471,雍和宫,183,89,132,进站,平峰,工作日
150995471,雍和宫,163,48,110,出站,平峰,工作日
150995471,雍和宫,194,88,143,进站,全天,双休日
150995471,雍和宫,265,87,167,出站,全天,双休日
150995472,安定门,46,21,32,进站,高峰,工作日
150995472,安定门,56,20,39,出站,高峰,工作日
150995472,安定门,56,20,39,进站,平峰,工作日
150995472,安定门,72,20,46,出站,平峰,工作日
150995472,安定门,56,20,39,进站,全天,双休日
150995472,安定门,72,20,46,出站,全天,双休日
150995473,鼓楼大街,46,21,32,进站,高峰,工作日
150995473,鼓楼大街,56,20,39,出站,高峰,工作日
150995473,鼓楼大街,56,20,39,进站,平峰,工作日
150995473,鼓楼大街,72,20,46,出站,平峰,工作日
150995473,鼓楼大街,56,20,39,进站,全天,双休日
150997003,回龙观东大街,90,90,90,出站,平峰,工作日
150997005,霍营,124,100,55,进站,高峰,工作日
150997005,霍营,128,101,50,进站,平峰,工作日
150997005,霍营,157,113,74,进站,全天,双休日
150997005,霍营,156,112,81,出站,全天,双休日
150997005,霍营,149,116,68,出站,高峰,工作日
150997005,霍营,151,129.7,110,出站,平峰,工作日
150997007,育新,90,90,90,进站,高峰,工作日
150997007,育新,90,90,90,进站,平峰,工作日
150997007,育新,90,90,90,进站,全天,双休日
150997007,育新,90,90,90,出站,全天,双休日
150997007,育新,90,90,90,出站,高峰,工作日
150997007,育新,90,90,90,出站,平峰,工作日
150997009,西小口,90,90,90,进站,高峰,工作日
150997009,西小口,90,90,90,进站,平峰,工作日
150997009,西小口,90,90,90,进站,全天,双休日
150997009,西小口,90,90,90,出站,全天,双休日
150997009,西小口,90,90,90,出站,高峰,工作日
150997009,西小口,90,90,90,出站,平峰,工作日
150997011,永泰庄,90,90,90,进站,平峰,工作日
150997011,永泰庄,90,90,90,进站,高峰,工作日
150997011,永泰庄,90,90,90,进站,全天,双休日
150997011,永泰庄,90,90,90,出站,全天,双休日
150997011,永泰庄,90,90,90,出站,高峰,工作日
150997011,永泰庄,90,90,90,出站,平峰,工作日
150997013,林萃桥,90,90,90,进站,平峰,工作日
150997013,林萃桥,90,90,90,进站,高峰,工作日
150997013,林萃桥,90,90,90,进站,全天,双休日
150997013,林萃桥,90,90,90,出站,全天,双休日
150997013,林萃桥,90,90,90,出站,高峰,工作日
150997013,林萃桥,90,90,90,出站,平峰,工作日
150997015,森林公园南门,90,90,90,进站,平峰,工作日
150997015,森林公园南门,90,90,90,进站,高峰,工作日
150997015,森林公园南门,90,90,90,进站,全天,双休日
150997015,森林公园南门,90,90,90,出站,全天,双休日
150997015,森林公园南门,90,90,90,出站,高峰,工作日
150997015,森林公园南门,90,90,90,出站,平峰,工作日
150997017,奥林匹克公园,90,90,90,进站,平峰,工作日
150997017,奥林匹克公园,90,90,90,进站,高峰,工作日
150997017,奥林匹克公园,90,90,90,进站,全天,双休日
150997017,奥林匹克公园,90,90,90,出站,全天,双休日
150997017,奥林匹克公园,90,90,90,出站,高峰,工作日
150997017,奥林匹克公园,90,90,90,出站,平峰,工作日
150997019,奥体中心,90,90,90,进站,平峰,工作日
150997019,奥体中心,90,90,90,进站,高峰,工作日
150997019,奥体中心,90,90,90,进站,全天,双休日
150997019,奥体中心,90,90,90,出站,全天,双休日
150997019,奥体中心,90,90,90,出站,高峰,工作日
150997019,奥体中心,90,90,90,出站,平峰,工作日
150997021,北土城,68,55,59,进站,平峰,工作日
150997021,北土城,73,44,61,进站,高峰,工作日
150997021,北土城,73,41,58,进站,全天,双休日
150997021,北土城,84,42,69,出站,全天,双休日
150997021,北土城,93,60,76,出站,高峰,工作日
150997021,北土城,87,43,70,出站,平峰,工作日
150997023,安华桥,90,90,90,进站,平峰,工作日
150997023,安华桥,90,90,90,进站,高峰,工作日
150997023,安华桥,90,90,90,进站,全天,双休日
150997023,安华桥,90,90,90,出站,全天,双休日
150997023,安华桥,90,90,90,出站,高峰,工作日
150997023,安华桥,90,90,90,出站,平峰,工作日
150997025,安德里北街,90,90,90,进站,平峰,工作日
150997025,安德里北街,90,90,90,进站,高峰,工作日
150997025,安德里北街,90,90,90,进站,全天,双休日
150997025,安德里北街,90,90,90,出站,全天,双休日
150997025,安德里北街,90,90,90,出站,高峰,工作日
150997025,安德里北街,90,90,90,出站,平峰,工作日
150997027,鼓楼大街,90,90,90,进站,平峰,工作日
150997027,鼓楼大街,90,90,90,进站,高峰,工作日
150997027,鼓楼大街,90,90,90,进站,全天,双休日
150997027,鼓楼大街,90,90,90,出站,全天,双休日
150997027,鼓楼大街,90,90,90,出站,高峰,工作日
150997027,鼓楼大街,90,90,90,出站,平峰,工作日
150997029,什刹海,90,90,90,进站,平峰,工作日
150997029,什刹海,90,90,90,进站,高峰,工作日
150997029,什刹海,90,90,90,进站,全天,双休日
150997029,什刹海,90,90,90,出站,全天,双休日
150997029,什刹海,90,90,90,出站,高峰,工作日
150997029,什刹海,90,90,90,出站,平峰,工作日
150997031,南锣鼓巷,90,90,90,进站,平峰,工作日
150997031,南锣鼓巷,90,90,90,进站,高峰,工作日
150997031,南锣鼓巷,90,90,90,进站,全天,双休日
150997031,南锣鼓巷,90,90,90,出站,全天,双休日
150997031,南锣鼓巷,90,90,90,出站,高峰,工作日
150997031,南锣鼓巷,90,90,90,出站,平峰,工作日
150997269,国家图书馆,44,42.66666667,42,进站,高峰,工作日
150997269,国家图书馆,45,39.33333333,36,进站,平峰,工作日
150997269,国家图书馆,50,47,42,进站,全天,双休日
150997269,国家图书馆,62,56,46,出站,全天,双休日
150997269,国家图书馆,58,52.66666667,43,出站,高峰,工作日
150997269,国家图书馆,63,59,56,出站,平峰,工作日
150997271,白石桥南,90,90,90,进站,高峰,工作日
150997271,白石桥南,90,90,90,进站,平峰,工作日
150997271,白石桥南,90,90,90,进站,全天,双休日
150997271,白石桥南,90,90,90,出站,全天,双休日
150997271,白石桥南,90,90,90,出站,高峰,工作日
150997271,白石桥南,90,90,90,出站,平峰,工作日
150997273,白堆子,90,90,90,进站,高峰,工作日
150997273,白堆子,90,90,90,进站,平峰,工作日
150997273,白堆子,90,90,90,进站,全天,双休日
150997273,白堆子,90,90,90,出站,全天,双休日
150997273,白堆子,90,90,90,出站,高峰,工作日
150997273,白堆子,90,90,90,出站,平峰,工作日
150997275,军事博物馆,90,90,90,进站,高峰,工作日
150997275,军事博物馆,90,90,90,进站,平峰,工作日
150997275,军事博物馆,90,90,90,进站,全天,双休日
150997275,军事博物馆,90,90,90,出站,全天,双休日
150997275,军事博物馆,90,90,90,出站,高峰,工作日
150997275,军事博物馆,90,90,90,出站,平峰,工作日
150997277,北京西站,90,90,90,进站,高峰,工作日
150997277,北京西站,90,90,90,进站,平峰,工作日
150997277,北京西站,90,90,90,进站,全天,双休日
150997277,北京西站,90,90,90,出站,全天,双休日
150997277,北京西站,90,90,90,出站,高峰,工作日
150997277,北京西站,90,90,90,出站,平峰,工作日
150997279,六里桥东,90,90,90,进站,高峰,工作日
150997279,六里桥东,90,90,90,进站,平峰,工作日
150997279,六里桥东,90,90,90,进站,全天,双休日
150997279,六里桥东,90,90,90,出站,全天,双休日
150997279,六里桥东,90,90,90,出站,高峰,工作日
150997279,六里桥东,90,90,90,出站,平峰,工作日
150997281,六里桥,90,90,90,进站,高峰,工作日
150997281,六里桥,90,90,90,进站,平峰,工作日
150997281,六里桥,90,90,90,进站,全天,双休日
150997281,六里桥,90,90,90,出站,全天,双休日
150997281,六里桥,90,90,90,出站,高峰,工作日
150997281,六里桥,90,90,90,出站,平峰,工作日
150997283,七里庄,90,90,90,进站,高峰,工作日
150997283,七里庄,90,90,90,进站,平峰,工作日
150997283,七里庄,90,90,90,进站,全天,双休日
150997283,七里庄,90,90,90,出站,全天,双休日
150997283,七里庄,90,90,90,出站,高峰,工作日
150997283,七里庄,90,90,90,出站,平峰,工作日
150997285,丰台东大街,90,90,90,进站,高峰,工作日
150997285,丰台东大街,90,90,90,进站,平峰,工作日
150997285,丰台东大街,90,90,90,进站,全天,双休日
150997285,丰台东大街,90,90,90,出站,全天,双休日
150997285,丰台东大街,90,90,90,出站,高峰,工作日
150997285,丰台东大街,90,90,90,出站,平峰,工作日
150997287,丰台南路,90,90,90,进站,高峰,工作日
150997287,丰台南路,90,90,90,进站,平峰,工作日
150997287,丰台南路,90,90,90,进站,全天,双休日
150997287,丰台南路,90,90,90,出站,全天,双休日
150997287,丰台南路,90,90,90,出站,高峰,工作日
150997287,丰台南路,90,90,90,出站,平峰,工作日
150997289,科怡路,90,90,90,进站,高峰,工作日
150997289,科怡路,90,90,90,进站,平峰,工作日
150997289,科怡路,90,90,90,进站,全天,双休日
150997289,科怡路,90,90,90,出站,全天,双休日
150997289,科怡路,90,90,90,出站,高峰,工作日
150997289,科怡路,90,90,90,出站,平峰,工作日
150997291,丰台科技园,90,90,90,进站,高峰,工作日
150997291,丰台科技园,90,90,90,进站,平峰,工作日
150997291,丰台科技园,90,90,90,进站,全天,双休日
150997291,丰台科技园,90,90,90,出站,全天,双休日
150997291,丰台科技园,90,90,90,出站,高峰,工作日
150997291,丰台科技园,90,90,90,出站,平峰,工作日
150997293,郭公庄,90,90,90,进站,高峰,工作日
150997293,郭公庄,90,90,90,进站,平峰,工作日
150997293,郭公庄,90,90,90,进站,全天,双休日
150997293,郭公庄,90,90,90,出站,全天,双休日
150997293,郭公庄,90,90,90,出站,高峰,工作日
150997293,郭公庄,90,90,90,出站,平峰,工作日
150997505,巴沟,130,35,80,进站,高峰,工作日
150997505,巴沟,128,34,79,进站,平峰,工作日
150995993,西苑,54,17,34,进站,平峰,工作日
150995993,西苑,68,25,45,出站,平峰,工作日
150995993,西苑,54,17,34,进站,全天,双休日
150995993,西苑,68,25,45,出站,全天,双休日
150995995,圆明园,52,10,31,进站,高峰,工作日
150995995,圆明园,103,22,63,出站,高峰,工作日
150995995,圆明园,54,17,34,进站,平峰,工作日
150995995,圆明园,68,25,45,出站,平峰,工作日
150995995,圆明园,54,17,34,进站,全天,双休日
150995995,圆明园,68,25,45,出站,全天,双休日
150995997,北京大学东门,52,10,31,进站,高峰,工作日
150995997,北京大学东门,103,22,62,出站,高峰,工作日
150995997,北京大学东门,107,39,70,进站,平峰,工作日
150995997,北京大学东门,136,43,85,出站,平峰,工作日
150995997,北京大学东门,107,39,70,进站,全天,双休日
150995997,北京大学东门,136,43,85,出站,全天,双休日
150995999,中关村,52,10,31,进站,高峰,工作日
150995999,中关村,103,22,63,出站,高峰,工作日
150995999,中关村,54,17,34,进站,平峰,工作日
150995999,中关村,68,25,45,出站,平峰,工作日
150995999,中关村,54,17,34,进站,全天,双休日
150995999,中关村,68,25,45,出站,全天,双休日
150996001,海淀黄庄,168,74,120,进站,高峰,工作日
150996001,海淀黄庄,252,102,171,出站,高峰,工作日
150996001,海淀黄庄,187,97,144,进站,平峰,工作日
150996001,海淀黄庄,236,111,175,出站,平峰,工作日
150996001,海淀黄庄,187,97,144,进站,全天,双休日
150996001,海淀黄庄,236,111,175,出站,全天,双休日
150996003,人民大学,52,10,31,进站,高峰,工作日
150996003,人民大学,103,22,63,出站,高峰,工作日
150996003,人民大学,54,17,34,进站,平峰,工作日
150996003,人民大学,68,25,45,出站,平峰,工作日
150996003,人民大学,54,17,34,进站,全天,双休日
150996003,人民大学,68,25,45,出站,全天,双休日
150996005,魏公村,52,10,31,进站,高峰,工作日
150996005,魏公村,103,22,63,出站,高峰,工作日
150996005,魏公村,54,17,34,进站,平峰,工作日
150996005,魏公村,68,25,45,出站,平峰,工作日
150996005,魏公村,54,17,34,进站,全天,双休日
150996005,魏公村,68,25,45,出站,全天,双休日
150996007,国家图书馆,48,18,32,进站,高峰,工作日
150996007,国家图书馆,69,19,44,出站,高峰,工作日
150996007,国家图书馆,49,21,36,进站,平峰,工作日
150996007,国家图书馆,71,25,48,出站,平峰,工作日
150996007,国家图书馆,49,21,36,进站,全天,双休日
150996007,国家图书馆,71,25,48,出站,全天,双休日
150996009,动物园,52,10,31,进站,高峰,工作日
150996009,动物园,103,22,63,出站,高峰,工作日
150996009,动物园,54,17,34,进站,平峰,工作日
150996009,动物园,68,25,45,出站,平峰,工作日
150996009,动物园,54,17,34,进站,全天,双休日
150996009,动物园,68,25,45,出站,全天,双休日
150996011,西直门,401,182,286,进站,高峰,工作日
150996011,西直门,442,233,342,出站,高峰,工作日
150996011,西直门,493,234,355,进站,平峰,工作日
150996011,西直门,581,232,409,出站,平峰,工作日
150996011,西直门,493,234,355,进站,全天,双休日
150996011,西直门,581,232,409,出站,全天,双休日
150996013,新街口,52,10,31,进站,高峰,工作日
150996013,新街口,103,22,63,出站,高峰,工作日
150996013,新街口,54,17,34,进站,平峰,工作日
150996013,新街口,68,25,45,出站,平峰,工作日
150996013,新街口,54,17,34,进站,全天,双休日
150996013,新街口,68,25,45,出站,全天,双休日
150996015,平安里,52,10,31,进站,高峰,工作日
150996015,平安里,103,22,62,出站,高峰,工作日
150996015,平安里,107,39,70,进站,平峰,工作日
150996015,平安里,136,43,85,出站,平峰,工作日
150996015,平安里,107,39,70,进站,全天,双休日
150996015,平安里,136,43,85,出站,全天,双休日
150996017,西四,52,10,31,进站,高峰,工作日
150996017,西四,103,22,63,出站,高峰,工作日
150996017,西四,54,17,34,进站,平峰,工作日
150996017,西四,68,25,45,出站,平峰,工作日
150996017,西四,54,17,34,进站,全天,双休日
150996017,西四,68,25,45,出站,全天,双休日
150996019,灵境胡同,52,10,31,进站,高峰,工作日
150996019,灵境胡同,103,22,62,出站,高峰,工作日
150996019,灵境胡同,107,39,70,进站,平峰,工作日
150996019,灵境胡同,136,43,85,出站,平峰,工作日
150996019,灵境胡同,107,39,70,进站,全天,双休日
150996019,灵境胡同,136,43,85,出站,全天,双休日
150996021,西单,173,81,128,进站,高峰,工作日
150996021,西单,112,58,85,出站,高峰,工作日
150996021,西单,149,71,110,进站,平峰,工作日
150996021,西单,144,43,95,出站,平峰,工作日
150996021,西单,149,71,110,进站,全天,双休日
150996021,西单,144,43,95,出站,全天,双休日
150996023,宣武门,327,62,180,进站,高峰,工作日
150996023,宣武门,214,45,123,出站,高峰,工作日
150996023,宣武门,228,34,126,进站,平峰,工作日
150996023,宣武门,184,54,114,出站,平峰,工作日
150996023,宣武门,228,34,126,进站,全天,双休日
150996023,宣武门,184,54,114,出站,全天,双休日
150996025,菜市口,52,10,31,进站,高峰,工作日
150996025,菜市口,103,22,62,出站,高峰,工作日
150996025,菜市口,107,39,70,进站,平峰,工作日
150996025,菜市口,136,43,85,出站,平峰,工作日
150996025,菜市口,107,39,70,进站,全天,双休日
150996025,菜市口,136,43,85,出站,全天,双休日
150996027,陶然亭,52,10,31,进站,高峰,工作日
150996027,陶然亭,103,22,62,出站,高峰,工作日
150996027,陶然亭,107,39,70,进站,平峰,工作日
150996027,陶然亭,136,43,85,出站,平峰,工作日
150996027,陶然亭,107,39,70,进站,全天,双休日
150996027,陶然亭,136,43,85,出站,全天,双休日
150996029,北京南站,174,79,123,进站,高峰,工作日
150996029,北京南站,85,50,66,出站,高峰,工作日
150996029,北京南站,124,71,98,进站,平峰,工作日
150996029,北京南站,145,76,111,出站,平峰,工作日
150996029,北京南站,124,71,98,进站,全天,双休日
150996029,北京南站,145,76,111,出站,全天,双休日
150996031,马家堡,52,10,31,进站,高峰,工作日
150996031,马家堡,103,22,62,出站,高峰,工作日
150996031,马家堡,107,39,70,进站,平峰,工作日
150996031,马家堡,136,43,85,出站,平峰,工作日
150996031,马家堡,107,39,70,进站,全天,双休日
150996031,马家堡,136,43,85,出站,全天,双休日
150996033,角门西,52,10,31,进站,高峰,工作日
150996033,角门西,103,22,62,出站,高峰,工作日
150996033,角门西,107,39,70,进站,平峰,工作日
150996033,角门西,136,43,85,出站,平峰,工作日
150996033,角门西,107,39,70,进站,全天,双休日
150996033,角门西,136,43,85,出站,全天,双休日
150996035,公益西桥,52,10,31,进站,高峰,工作日
150996035,公益西桥,103,22,62,出站,高峰,工作日
150996035,公益西桥,107,39,70,进站,平峰,工作日
150996035,公益西桥,136,43,85,出站,平峰,工作日
150996035,公益西桥,107,39,70,进站,全天,双休日
150996035,公益西桥,136,43,85,出站,全天,双休日
150996245,天通苑北,69,16,43,进站,高峰,工作日
150996245,天通苑北,139,28,76,出站,高峰,工作日
150996245,天通苑北,73,25,47,进站,平峰,工作日
150996245,天通苑北,135,31,76,出站,平峰,工作日
150996245,天通苑北,73,25,47,进站,全天,双休日
150996245,天通苑北,135,31,76,出站,全天,双休日
150996247,天通苑,93,37,62,进站,高峰,工作日
150996247,天通苑,89,47,69,出站,高峰,工作日
150996247,天通苑,80,27,51,进站,平峰,工作日
150996247,天通苑,105,30,67,出站,平峰,工作日
150996247,天通苑,80,27,51,进站,全天,双休日
150996247,天通苑,105,30,67,出站,全天,双休日
150996249,天通苑南,93,37,62,进站,高峰,工作日
150996249,天通苑南,89,47,69,出站,高峰,工作日
150996249,天通苑南,80,27,51,进站,平峰,工作日
150996249,天通苑南,105,30,67,出站,平峰,工作日
150995203,苹果园,160,38,97,进站,高峰,工作日
150995203,苹果园,161,44,102,出站,高峰,工作日
150995203,苹果园,157,26,93,进站,平峰,工作日
150995203,苹果园,127,30,81,出站,平峰,工作日
150995203,苹果园,157,26,93,进站,全天,双休日
150995203,苹果园,127,30,81,出站,全天,双休日
150995204,古城路,180,5,80,进站,高峰,工作日
150995204,古城路,98,21,58,出站,高峰,工作日
150995204,古城路,169,20,92,进站,平峰,工作日
150995204,古城路,151,7,79,出站,平峰,工作日
150995204,古城路,169,20,92,进站,全天,双休日
150995204,古城路,151,7,79,出站,全天,双休日
150995205,八角游乐园,180,32,97,进站,高峰,工作日
150995205,八角游乐园,110,22,66,出站,高峰,工作日
150995205,八角游乐园,120,55,83,进站,平峰,工作日
150995205,八角游乐园,135,60,95,出站,平峰,工作日
150995205,八角游乐园,120,55,83,进站,全天,双休日
150995205,八角游乐园,135,60,95,出站,全天,双休日
150995206,八宝山,130,13,59,进站,高峰,工作日
150995206,八宝山,184,14,86,出站,高峰,工作日
150995206,八宝山,49,13,29,进站,平峰,工作日
150995206,八宝山,44,10,28,出站,平峰,工作日
150995206,八宝山,49,13,29,进站,全天,双休日
150995206,八宝山,44,10,28,出站,全天,双休日
150995207,玉泉路,130,13,59,进站,高峰,工作日
150995207,玉泉路,184,14,86,出站,高峰,工作日
150995207,玉泉路,49,13,29,进站,平峰,工作日
150995207,玉泉路,44,10,28,出站,平峰,工作日
150995207,玉泉路,49,13,29,进站,全天,双休日
150995207,玉泉路,44,10,28,出站,全天,双休日
150995208,五棵松,130,13,59,进站,高峰,工作日
150995208,五棵松,184,14,86,出站,高峰,工作日
150995208,五棵松,49,13,29,进站,平峰,工作日
150995208,五棵松,44,10,28,出站,平峰,工作日
150995208,五棵松,49,13,29,进站,全天,双休日
150995208,五棵松,44,10,28,出站,全天,双休日
150995209,万寿路,130,13,59,进站,高峰,工作日
150995209,万寿路,184,14,86,出站,高峰,工作日
150995209,万寿路,49,13,29,进站,平峰,工作日
150995209,万寿路,44,10,28,出站,平峰,工作日
150995209,万寿路,49,13,29,进站,全天,双休日
150995209,万寿路,44,10,28,出站,全天,双休日
150995210,公主坟,130,13,59,进站,高峰,工作日
150995210,公主坟,184,14,86,出站,高峰,工作日
150995210,公主坟,49,13,29,进站,平峰,工作日
150995210,公主坟,44,10,28,出站,平峰,工作日
150995210,公主坟,49,13,29,进站,全天,双休日
150995210,公主坟,44,10,28,出站,全天,双休日
150995211,军事博物馆,130,13,59,进站,高峰,工作日
150995211,军事博物馆,184,14,86,出站,高峰,工作日
150995211,军事博物馆,49,13,29,进站,平峰,工作日
150995211,军事博物馆,44,10,28,出站,平峰,工作日
150995211,军事博物馆,49,13,29,进站,全天,双休日
150995211,军事博物馆,44,10,28,出站,全天,双休日
150995212,木樨地,130,13,59,进站,高峰,工作日
150995212,木樨地,184,14,86,出站,高峰,工作日
150995212,木樨地,49,13,29,进站,平峰,工作日
150995212,木樨地,44,10,28,出站,平峰,工作日
150995212,木樨地,49,13,29,进站,全天,双休日
150995212,木樨地,44,10,28,出站,全天,双休日
150995213,南礼士路,130,13,59,进站,高峰,工作日
150995213,南礼士路,184,14,86,出站,高峰,工作日
150995213,南礼士路,49,13,29,进站,平峰,工作日
150995213,南礼士路,44,10,28,出站,平峰,工作日
150995213,南礼士路,49,13,29,进站,全天,双休日
150995213,南礼士路,44,10,28,出站,全天,双休日
150995214,复兴门,454,102,255,进站,高峰,工作日
150995214,复兴门,502,137,291,出站,高峰,工作日
150995214,复兴门,248,85,162,进站,平峰,工作日
150995214,复兴门,303,101,196,出站,平峰,工作日
150995214,复兴门,248,85,162,进站,全天,双休日
150995214,复兴门,303,101,196,出站,全天,双休日
150995215,西单,278,143,209,进站,高峰,工作日
150995215,西单,343,76,189,出站,高峰,工作日
150995215,西单,252,160,205,进站,平峰,工作日
150995215,西单,243,124,182,出站,平峰,工作日
150995215,西单,252,160,205,进站,全天,双休日
150995215,西单,243,124,182,出站,全天,双休日
150995216,天安门西,61,20,39,进站,高峰,工作日
150995216,天安门西,98,21,58,出站,高峰,工作日
150995216,天安门西,141,19,76,进站,平峰,工作日
150995216,天安门西,109,16,64,出站,平峰,工作日
150995216,天安门西,141,19,76,进站,全天,双休日
150995216,天安门西,109,16,64,出站,全天,双休日
150995217,天安门东,61,20,39,进站,高峰,工作日
150995217,天安门东,98,21,58,出站,高峰,工作日
150995217,天安门东,141,19,76,进站,平峰,工作日
150995217,天安门东,109,16,64,出站,平峰,工作日
150995217,天安门东,141,19,76,进站,全天,双休日
150995217,天安门东,109,16,64,出站,全天,双休日
150995218,王府井,61,20,39,进站,高峰,工作日
150995218,王府井,98,21,58,出站,高峰,工作日
150995218,王府井,141,19,76,进站,平峰,工作日
150995218,王府井,109,16,64,出站,平峰,工作日
150995218,王府井,141,19,76,进站,全天,双休日
150995218,王府井,109,16,64,出站,全天,双休日
150995219,东单,220,120,167,进站,高峰,工作日
150995219,东单,98,21,58,出站,高峰,工作日
150995219,东单,215,94,156,进站,平峰,工作日
150995219,东单,281,121,199,出站,平峰,工作日
150995219,东单,215,94,156,进站,全天,双休日
150995219,东单,281,121,199,出站,全天,双休日
150995220,建国门,211,71,139,进站,高峰,工作日
150995220,建国门,200,79,137,出站,高峰,工作日
150995220,建国门,184,44,116,进站,平峰,工作日
150995220,建国门,310,159,225,出站,平峰,工作日
150995220,建国门,184,44,116,进站,全天,双休日
150995220,建国门,310,159,225,出站,全天,双休日
150995221,永安里,61,20,39,进站,高峰,工作日
150995221,永安里,98,21,58,出站,高峰,工作日
150995221,永安里,141,19,76,进站,平峰,工作日
150995221,永安里,109,16,64,出站,平峰,工作日
150995221,永安里,141,19,76,进站,全天,双休日
150995221,永安里,109,16,64,出站,全天,双休日
150995222,国贸,198,81,140,进站,高峰,工作日
150995222,国贸,149,50,97,出站,高峰,工作日
150995222,国贸,210,98,151,进站,平峰,工作日
150995222,国贸,245,77,165,出站,平峰,工作日
150995222,国贸,210,98,151,进站,全天,双休日
150995222,国贸,245,77,165,出站,全天,双休日
150995223,大望路,61,20,39,进站,高峰,工作日
150995223,大望路,98,21,58,出站,高峰,工作日
150995223,大望路,141,19,76,进站,平峰,工作日
150995223,大望路,109,16,64,出站,平峰,工作日
150995223,大望路,141,19,76,进站,全天,双休日
150995223,大望路,109,16,64,出站,全天,双休日
151019037,南邵,157,37,93,出站,平峰,工作日
151019037,南邵,98,25,60,进站,全天,双休日
151019037,南邵,157,37,93,出站,全天,双休日
151019037,南邵,76,40,56,进站,高峰,工作日
151019037,南邵,98,25,60,进站,平峰,工作日
151019039,沙河高教园,242,36,126,出站,高峰,工作日
151019039,沙河高教园,122,35,77,出站,平峰,工作日
151019039,沙河高教园,98,25,60,进站,全天,双休日
151019039,沙河高教园,122,35,77,出站,全天,双休日
151019039,沙河高教园,76,40,56,进站,高峰,工作日
151019039,沙河高教园,98,25,60,进站,平峰,工作日
151019041,沙河,242,36,126,出站,高峰,工作日
151019041,沙河,122,35,77,出站,平峰,工作日
151019041,沙河,98,25,60,进站,全天,双休日
151019041,沙河,122,35,77,出站,全天,双休日
151019041,沙河,76,40,56,进站,高峰,工作日
151019041,沙河,98,25,60,进站,平峰,工作日
151019043,巩华城,242,36,126,出站,高峰,工作日
151019043,巩华城,122,35,77,出站,平峰,工作日
151019043,巩华城,98,25,60,进站,全天,双休日
151019043,巩华城,122,35,77,出站,全天,双休日
151019043,巩华城,76,40,56,进站,高峰,工作日
151019043,巩华城,98,25,60,进站,平峰,工作日
151019045,朱辛庄,135,32,82,出站,高峰,工作日
151019045,朱辛庄,122,35,77,出站,平峰,工作日
151019045,朱辛庄,114,20,67,进站,全天,双休日
151019045,朱辛庄,122,35,77,出站,全天,双休日
151019045,朱辛庄,88,32,59,进站,高峰,工作日
151019045,朱辛庄,114,20,67,进站,平峰,工作日
151019047,生命科学园,242,36,126,出站,高峰,工作日
151019047,生命科学园,106,41,72,出站,平峰,工作日
151019047,生命科学园,98,25,60,进站,全天,双休日
151019047,生命科学园,106,41,72,出站,全天,双休日
151019047,生命科学园,76,40,56,进站,高峰,工作日
151019047,生命科学园,98,25,60,进站,平峰,工作日
151019049,西二旗,222,26,121,出站,高峰,工作日
151019049,西二旗,122,35,77,出站,平峰,工作日
151019049,西二旗,87,44,64,进站,全天,双休日
151019049,西二旗,122,35,77,出站,全天,双休日
151019049,西二旗,85,37,61,进站,高峰,工作日
151019049,西二旗,87,44,64,进站,平峰,工作日
151019285,郭公庄,90,90,90,出站,高峰,工作日
151019285,郭公庄,90,90,90,出站,平峰,工作日
151019285,郭公庄,90,90,90,进站,全天,双休日
151019285,郭公庄,90,90,90,出站,全天,双休日
151019285,郭公庄,90,90,90,进站,高峰,工作日
151019285,郭公庄,90,90,90,进站,平峰,工作日
151019287,大葆台,88,25,56,出站,高峰,工作日
151019287,大葆台,88,25,56,出站,平峰,工作日
151019287,大葆台,120,22,68,进站,全天,双休日
151019287,大葆台,88,25,56,出站,全天,双休日
151019287,大葆台,120,22,68,进站,高峰,工作日
151019287,大葆台,120,22,68,进站,平峰,工作日
151019289,稻田,66,32,49,出站,高峰,工作日
151019289,稻田,66,32,49,出站,平峰,工作日
151019289,稻田,78,23,48,进站,全天,双休日
151019289,稻田,66,32,49,出站,全天,双休日
151019289,稻田,78,23,48,进站,高峰,工作日
151019289,稻田,78,23,48,进站,平峰,工作日
151019291,长阳,66,32,49,出站,高峰,工作日
151019291,长阳,66,32,49,出站,平峰,工作日
151019291,长阳,78,23,48,进站,全天,双休日
151019291,长阳,66,32,49,出站,全天,双休日
151019291,长阳,78,23,48,进站,高峰,工作日
151019291,长阳,78,23,48,进站,平峰,工作日
151019293,篱笆房,66,32,49,出站,高峰,工作日
151019293,篱笆房,66,32,49,出站,平峰,工作日
151019293,篱笆房,78,23,48,进站,全天,双休日
151019293,篱笆房,66,32,49,出站,全天,双休日
151019293,篱笆房,78,23,48,进站,高峰,工作日
151019293,篱笆房,78,23,48,进站,平峰,工作日
151019295,广阳城,66,32,49,出站,高峰,工作日
151019295,广阳城,66,32,49,出站,平峰,工作日
151019295,广阳城,78,23,48,进站,全天,双休日
151019295,广阳城,66,32,49,出站,全天,双休日
151019295,广阳城,78,23,48,进站,高峰,工作日
151019295,广阳城,78,23,48,进站,平峰,工作日
151019297,良乡大学城北,66,32,49,出站,高峰,工作日
151019297,良乡大学城北,66,32,49,出站,平峰,工作日
151019297,良乡大学城北,78,23,48,进站,全天,双休日
151019297,良乡大学城北,66,32,49,出站,全天,双休日
151019297,良乡大学城北,78,23,48,进站,高峰,工作日
151019297,良乡大学城北,78,23,48,进站,平峰,工作日
151019299,良乡大学城,66,32,49,出站,高峰,工作日
151019299,良乡大学城,66,32,49,出站,平峰,工作日
151019299,良乡大学城,78,23,48,进站,全天,双休日
151019299,良乡大学城,66,32,49,出站,全天,双休日
151019299,良乡大学城,78,23,48,进站,高峰,工作日
151019299,良乡大学城,78,23,48,进站,平峰,工作日
151019301,良乡大学城西,66,32,49,出站,高峰,工作日
151019301,良乡大学城西,66,32,49,出站,平峰,工作日
151019301,良乡大学城西,78,23,48,进站,全天,双休日
151019301,良乡大学城西,66,32,49,出站,全天,双休日
151019301,良乡大学城西,78,23,48,进站,高峰,工作日
151019301,良乡大学城西,78,23,48,进站,平峰,工作日
151019303,良乡南关,88,25,56,出站,高峰,工作日
151019303,良乡南关,88,25,56,出站,平峰,工作日
151019303,良乡南关,120,22,68,进站,全天,双休日
151019303,良乡南关,88,25,56,出站,全天,双休日
151019303,良乡南关,120,22,68,进站,高峰,工作日
151019303,良乡南关,120,22,68,进站,平峰,工作日
151019305,苏庄,88,25,56,出站,高峰,工作日
151019305,苏庄,88,25,56,出站,平峰,工作日
151019305,苏庄,120,22,68,进站,全天,双休日
151019305,苏庄,88,25,56,出站,全天,双休日
151019305,苏庄,120,22,68,进站,高峰,工作日
151019305,苏庄,120,22,68,进站,平峰,工作日
151019541,宋家庄,338,73,203,出站,高峰,工作日
151019541,宋家庄,194,74,131,出站,平峰,工作日
151019541,宋家庄,135,74,104,进站,全天,双休日
151019541,宋家庄,194,74,131,出站,全天,双休日
151019541,宋家庄,92,42,68,进站,高峰,工作日
151019541,宋家庄,135,74,104,进站,平峰,工作日
151019543,肖村,69,40,54,出站,高峰,工作日
151019543,肖村,78,50,62,出站,平峰,工作日
151019543,肖村,75,29,49,进站,全天,双休日
151019543,肖村,78,50,62,出站,全天,双休日
151019543,肖村,43,25,36,进站,高峰,工作日
151019543,肖村,75,29,49,进站,平峰,工作日
151019545,小红门,69,40,54,出站,高峰,工作日
151019545,小红门,78,50,62,出站,平峰,工作日
151019545,小红门,75,29,49,进站,全天,双休日
151019545,小红门,78,50,62,出站,全天,双休日
151019545,小红门,43,25,36,进站,高峰,工作日
151019545,小红门,75,29,49,进站,平峰,工作日
151019547,旧宫,112,53,84,出站,高峰,工作日
151019547,旧宫,118,49,78,出站,平峰,工作日
151019547,旧宫,156,40,91,进站,全天,双休日
151019547,旧宫,118,49,78,出站,全天,双休日
151019547,旧宫,75,23,50,进站,高峰,工作日
151019547,旧宫,156,40,91,进站,平峰,工作日
151019549,亦庄桥,112,53,84,出站,高峰,工作日
151019549,亦庄桥,118,49,78,出站,平峰,工作日
151019549,亦庄桥,156,40,91,进站,全天,双休日
151019549,亦庄桥,118,49,78,出站,全天,双休日
151019549,亦庄桥,75,23,50,进站,高峰,工作日
151019549,亦庄桥,156,40,91,进站,平峰,工作日
151019551,亦庄文化园,112,53,84,出站,高峰,工作日
151019551,亦庄文化园,118,49,78,出站,平峰,工作日
151019551,亦庄文化园,156,40,91,进站,全天,双休日
151019551,亦庄文化园,118,49,78,出站,全天,双休日
151019551,亦庄文化园,75,23,50,进站,高峰,工作日
151019551,亦庄文化园,156,40,91,进站,平峰,工作日
151019553,万源街,112,53,84,出站,高峰,工作日
151019553,万源街,118,49,78,出站,平峰,工作日
151019553,万源街,156,40,91,进站,全天,双休日
151019553,万源街,118,49,78,出站,全天,双休日
150995473,鼓楼大街,72,20,46,出站,全天,双休日
150995474,积水潭,46,21,32,进站,高峰,工作日
150995474,积水潭,56,20,39,出站,高峰,工作日
150995474,积水潭,56,20,39,进站,平峰,工作日
150995474,积水潭,72,20,46,出站,平峰,工作日
150995474,积水潭,56,20,39,进站,全天,双休日
150995474,积水潭,72,20,46,出站,全天,双休日
150995989,安河桥北,116,23,64,进站,高峰,工作日
150995989,安河桥北,97,16,54,出站,高峰,工作日
150995989,安河桥北,190,11,102,进站,平峰,工作日
150995989,安河桥北,122,7,63,出站,平峰,工作日
150995989,安河桥北,190,11,102,进站,全天,双休日
150995989,安河桥北,122,7,63,出站,全天,双休日
150995991,北宫门,52,10,31,进站,高峰,工作日
150995991,北宫门,103,22,63,出站,高峰,工作日
150995991,北宫门,54,17,34,进站,平峰,工作日
150995991,北宫门,68,25,45,出站,平峰,工作日
150995991,北宫门,54,17,34,进站,全天,双休日
150995991,北宫门,68,25,45,出站,全天,双休日
150995993,西苑,52,10,31,进站,高峰,工作日
150997505,巴沟,128,34,79,进站,全天,双休日
150997505,巴沟,89,35,61,出站,全天,双休日
150997505,巴沟,107,54,79,出站,高峰,工作日
150997505,巴沟,89,35,61,出站,平峰,工作日
150997507,苏州街,69,20,42,进站,高峰,工作日
150997507,苏州街,72,22,45,进站,平峰,工作日
150997507,苏州街,72,22,45,进站,全天,双休日
150997507,苏州街,84,22,51,出站,全天,双休日
150997507,苏州街,125,16,69,出站,高峰,工作日
150997507,苏州街,84,22,51,出站,平峰,工作日
150997509,海淀黄庄,158,52,106,进站,高峰,工作日
150997509,海淀黄庄,163,42,103,进站,平峰,工作日
150997509,海淀黄庄,163,42,103,进站,全天,双休日
150997509,海淀黄庄,176,49,110,出站,全天,双休日
150997509,海淀黄庄,206,43,120,出站,高峰,工作日
150997509,海淀黄庄,176,49,110,出站,平峰,工作日
150997511,知春里,70,56,62,进站,高峰,工作日
150997511,知春里,53,25,39,进站,平峰,工作日
150997511,知春里,53,25,39,进站,全天,双休日
150997511,知春里,77,37,57,出站,全天,双休日
150997511,知春里,42,10,25,出站,高峰,工作日
150997511,知春里,77,37,57,出站,平峰,工作日
150997513,知春路,255,88,164,进站,高峰,工作日
150997513,知春路,248,96,167,进站,平峰,工作日
150997513,知春路,248,96,167,进站,全天,双休日
150997513,知春路,189,105,147,出站,全天,双休日
150997513,知春路,185,73,124,出站,高峰,工作日
150997513,知春路,262,122,187,出站,平峰,工作日
150997515,西土城,59,22,40,进站,高峰,工作日
150997515,西土城,51,23,37,进站,平峰,工作日
150997515,西土城,74,29,52,出站,平峰,工作日
150997515,西土城,51,23,37,进站,全天,双休日
150997515,西土城,74,29,52,出站,全天,双休日
150997515,西土城,110,33,70,出站,高峰,工作日
150997517,牡丹园,59,22,40,进站,高峰,工作日
150997517,牡丹园,51,23,37,进站,平峰,工作日
150997517,牡丹园,74,29,52,出站,平峰,工作日
150997517,牡丹园,51,23,37,进站,全天,双休日
150997517,牡丹园,74,29,52,出站,全天,双休日
150997517,牡丹园,110,33,70,出站,高峰,工作日
150997519,健德门,59,22,40,进站,高峰,工作日
150997519,健德门,51,23,37,进站,平峰,工作日
150997519,健德门,74,29,52,出站,平峰,工作日
150997519,健德门,51,23,37,进站,全天,双休日
150997519,健德门,74,29,52,出站,全天,双休日
150997519,健德门,110,33,70,出站,高峰,工作日
150997521,北土城,90,24,56,进站,高峰,工作日
150997521,北土城,130,25,70,进站,平峰,工作日
150997521,北土城,120,43,78,出站,平峰,工作日
150997521,北土城,130,25,70,进站,全天,双休日
150997521,北土城,120,43,78,出站,全天,双休日
150997521,北土城,109,31,71,出站,高峰,工作日
150997523,安贞门,83,21,53,进站,高峰,工作日
150997523,安贞门,77,21,50,进站,平峰,工作日
150997523,安贞门,82,22,54,出站,平峰,工作日
150997523,安贞门,77,21,50,进站,全天,双休日
150997523,安贞门,82,22,54,出站,全天,双休日
150997523,安贞门,77,14,47,出站,高峰,工作日
150997525,惠新西街南口,181,17,96,进站,高峰,工作日
150997525,惠新西街南口,137,17,79,进站,平峰,工作日
150997525,惠新西街南口,175,20,92,出站,平峰,工作日
150997525,惠新西街南口,137,17,79,进站,全天,双休日
150997525,惠新西街南口,175,20,92,出站,全天,双休日
150997525,惠新西街南口,208,19,107,出站,高峰,工作日
150997527,芍药居,232,111,171,进站,高峰,工作日
150997527,芍药居,160,90,127,进站,平峰,工作日
150997527,芍药居,191,99,146,出站,平峰,工作日
150997527,芍药居,160,90,127,进站,全天,双休日
150997527,芍药居,191,99,146,出站,全天,双休日
150997527,芍药居,185,104,144,出站,高峰,工作日
150997529,太阳宫,59,22,40,进站,高峰,工作日
150997529,太阳宫,51,23,37,进站,平峰,工作日
150997529,太阳宫,74,29,52,出站,平峰,工作日
150997529,太阳宫,51,23,37,进站,全天,双休日
150997529,太阳宫,74,29,52,出站,全天,双休日
150997529,太阳宫,110,33,70,出站,高峰,工作日
150997531,三元桥,50,28,39,进站,高峰,工作日
150997531,三元桥,50,32,40,进站,平峰,工作日
150997531,三元桥,57,35,46,出站,平峰,工作日
150997531,三元桥,50,32,40,进站,全天,双休日
150997531,三元桥,57,35,46,出站,全天,双休日
150997531,三元桥,65,27,44,出站,高峰,工作日
150997533,亮马桥,59,22,40,进站,高峰,工作日
150997533,亮马桥,51,23,37,进站,平峰,工作日
150997533,亮马桥,74,29,52,出站,平峰,工作日
150997533,亮马桥,51,23,37,进站,全天,双休日
150997533,亮马桥,74,29,52,出站,全天,双休日
150997533,亮马桥,110,33,70,出站,高峰,工作日
150997535,农业展览馆,70,56,62,进站,高峰,工作日
150997535,农业展览馆,53,25,39,进站,平峰,工作日
150997535,农业展览馆,77,37,57,出站,平峰,工作日
150997535,农业展览馆,53,25,39,进站,全天,双休日
150997535,农业展览馆,77,37,57,出站,全天,双休日
150997535,农业展览馆,42,10,25,出站,高峰,工作日
150997537,团结湖,50,30,40,进站,高峰,工作日
150997537,团结湖,57,21,38,进站,平峰,工作日
150997537,团结湖,54,30,42,出站,平峰,工作日
150997537,团结湖,57,21,38,进站,全天,双休日
150997537,团结湖,54,30,42,出站,全天,双休日
150997537,团结湖,40,25,33,出站,高峰,工作日
150997539,呼家楼,50,30,40,进站,高峰,工作日
150997539,呼家楼,57,21,38,进站,平峰,工作日
150997539,呼家楼,54,30,42,出站,平峰,工作日
150997539,呼家楼,57,21,38,进站,全天,双休日
150997539,呼家楼,54,30,42,出站,全天,双休日
150997539,呼家楼,40,25,33,出站,高峰,工作日
150997541,金台夕照,70,56,62,进站,高峰,工作日
150997541,金台夕照,53,25,39,进站,平峰,工作日
150997541,金台夕照,77,37,57,出站,平峰,工作日
150997541,金台夕照,53,25,39,进站,全天,双休日
150997541,金台夕照,77,37,57,出站,全天,双休日
150997541,金台夕照,42,10,25,出站,高峰,工作日
150997543,国贸,244,143,194,进站,高峰,工作日
150997543,国贸,238,117,176,进站,平峰,工作日
150997543,国贸,260,114,187,出站,平峰,工作日
150997543,国贸,238,117,176,进站,全天,双休日
150997543,国贸,260,114,187,出站,全天,双休日
150997543,国贸,277,123,200,出站,高峰,工作日
150997545,双井,59,22,40,进站,高峰,工作日
150997545,双井,51,23,37,进站,平峰,工作日
150997545,双井,74,29,52,出站,平峰,工作日
150997545,双井,51,23,37,进站,全天,双休日
150997545,双井,74,29,52,出站,全天,双休日
150997545,双井,110,33,70,出站,高峰,工作日
150997547,劲松,36,22,29,进站,高峰,工作日
150997547,劲松,50,23,35,进站,平峰,工作日
150997547,劲松,87,32,58,出站,平峰,工作日
150997547,劲松,50,23,35,进站,全天,双休日
150997547,劲松,87,32,58,出站,全天,双休日
150997547,劲松,69,30,49,出站,高峰,工作日
150998293,西直门,319,109,214,进站,高峰,工作日
150998293,西直门,428,156,283,进站,平峰,工作日
150998293,西直门,568,194,381,出站,高峰,工作日
150998293,西直门,593,230,404,出站,平峰,工作日
150998293,西直门,428,156,283,进站,全天,双休日
150998293,西直门,593,230,404,出站,全天,双休日
150998295,大钟寺,151,22,75,进站,高峰,工作日
150998295,大钟寺,74,25,48,进站,平峰,工作日
150998295,大钟寺,80,20,52,出站,高峰,工作日
150998295,大钟寺,78,24,51,出站,平峰,工作日
150998295,大钟寺,74,25,48,进站,全天,双休日
150998295,大钟寺,78,24,51,出站,全天,双休日
150998297,知春路,184,126,153,进站,高峰,工作日
150998297,知春路,189,105,147,进站,平峰,工作日
150998297,知春路,178,65,119,出站,高峰,工作日
150998297,知春路,213,111,158,出站,平峰,工作日
150998297,知春路,262,122,187,进站,全天,双休日
150998297,知春路,213,111,158,出站,全天,双休日
150998299,五道口,130,39,77,进站,高峰,工作日
151019780,传媒大学,94,10,47,进站,全天,双休日
151019780,传媒大学,95,24,57,出站,全天,双休日
151019780,传媒大学,88,9,41,进站,高峰,工作日
151019780,传媒大学,94,10,47,进站,平峰,工作日
151019781,双桥,97,25,62,出站,高峰,工作日
151019781,双桥,95,24,57,出站,平峰,工作日
151019781,双桥,94,10,47,进站,全天,双休日
151019781,双桥,95,24,57,出站,全天,双休日
151019781,双桥,88,9,41,进站,高峰,工作日
151019781,双桥,94,10,47,进站,平峰,工作日
151019782,管庄,97,25,62,出站,高峰,工作日
151019782,管庄,95,24,57,出站,平峰,工作日
151019782,管庄,94,10,47,进站,全天,双休日
151019782,管庄,95,24,57,出站,全天,双休日
151019782,管庄,88,9,41,进站,高峰,工作日
151019782,管庄,94,10,47,进站,平峰,工作日
151019783,八里桥,97,25,62,出站,高峰,工作日
151019783,八里桥,95,24,57,出站,平峰,工作日
151019783,八里桥,94,10,47,进站,全天,双休日
151019783,八里桥,95,24,57,出站,全天,双休日
151019783,八里桥,88,9,41,进站,高峰,工作日
151019783,八里桥,94,10,47,进站,平峰,工作日
151019784,通州北苑,97,25,62,出站,高峰,工作日
151019784,通州北苑,95,24,57,出站,平峰,工作日
151019784,通州北苑,94,10,47,进站,全天,双休日
151019784,通州北苑,95,24,57,出站,全天,双休日
151019784,通州北苑,88,9,41,进站,高峰,工作日
151019784,通州北苑,94,10,47,进站,平峰,工作日
151019785,果园,97,25,62,出站,高峰,工作日
151019785,果园,95,24,57,出站,平峰,工作日
151019785,果园,94,10,47,进站,全天,双休日
151019785,果园,95,24,57,出站,全天,双休日
151019785,果园,88,9,41,进站,高峰,工作日
151019785,果园,94,10,47,进站,平峰,工作日
151019786,九棵树,97,25,62,出站,高峰,工作日
151019786,九棵树,95,24,57,出站,平峰,工作日
151019786,九棵树,94,10,47,进站,全天,双休日
151019786,九棵树,95,24,57,出站,全天,双休日
151019786,九棵树,88,9,41,进站,高峰,工作日
151019786,九棵树,94,10,47,进站,平峰,工作日
151019787,梨园,97,25,62,出站,高峰,工作日
151019787,梨园,95,24,57,出站,平峰,工作日
151019787,梨园,94,10,47,进站,全天,双休日
151019787,梨园,95,24,57,出站,全天,双休日
151019787,梨园,88,9,41,进站,高峰,工作日
151019787,梨园,94,10,47,进站,平峰,工作日
151019788,临河里,97,25,62,出站,高峰,工作日
151019788,临河里,95,24,57,出站,平峰,工作日
151019788,临河里,94,10,47,进站,全天,双休日
151019788,临河里,95,24,57,出站,全天,双休日
151019788,临河里,88,9,41,进站,高峰,工作日
151019788,临河里,94,10,47,进站,平峰,工作日
151019789,土桥,97,25,62,出站,高峰,工作日
151019789,土桥,95,24,57,出站,平峰,工作日
151019789,土桥,94,10,47,进站,全天,双休日
151019789,土桥,95,24,57,出站,全天,双休日
151019789,土桥,88,9,41,进站,高峰,工作日
151019789,土桥,94,10,47,进站,平峰,工作日
151020053,东直门,335,239,88,进站,高峰,工作日
151020053,东直门,335,149,25,进站,平峰,工作日
151020053,东直门,353,198,107,进站,全天,双休日
151020053,东直门,176,141,102,出站,高峰,工作日
151020053,东直门,202,163,95,出站,平峰,工作日
151020053,东直门,156,88,38,出站,全天,双休日
151020055,三元桥,90,90,90,进站,高峰,工作日
151020055,三元桥,90,90,90,进站,平峰,工作日
151020055,三元桥,90,90,90,进站,全天,双休日
151020055,三元桥,90,90,90,出站,高峰,工作日
151020055,三元桥,90,90,90,出站,平峰,工作日
151020055,三元桥,90,90,90,出站,全天,双休日
151020057,T2航站楼,90,90,90,进站,高峰,工作日
151020057,T2航站楼,90,90,90,进站,平峰,工作日
151020057,T2航站楼,90,90,90,进站,全天,双休日
151020057,T2航站楼,90,90,90,出站,高峰,工作日
151020057,T2航站楼,90,90,90,出站,平峰,工作日
151020057,T2航站楼,90,90,90,出站,全天,双休日
151020059,T3航站楼,90,90,90,进站,高峰,工作日
151020059,T3航站楼,90,90,90,进站,平峰,工作日
151020059,T3航站楼,90,90,90,进站,全天,双休日
151020059,T3航站楼,90,90,90,出站,高峰,工作日
151020059,T3航站楼,90,90,90,出站,平峰,工作日
151020059,T3航站楼,90,90,90,出站,全天,双休日
150998299,五道口,98,30,61,进站,平峰,工作日
150998299,五道口,84,37,59,出站,高峰,工作日
150998299,五道口,70,20,45,出站,平峰,工作日
150998299,五道口,98,30,61,进站,全天,双休日
150998299,五道口,70,20,45,出站,全天,双休日
150998301,上地,95,31,65,进站,高峰,工作日
150998301,上地,101,55,75,进站,平峰,工作日
150998301,上地,128,44,87,出站,高峰,工作日
150998301,上地,108,52,80,出站,平峰,工作日
150998301,上地,101,55,75,进站,全天,双休日
150998301,上地,108,52,80,出站,全天,双休日
150998303,西二旗,120,45,81,进站,高峰,工作日
150998303,西二旗,97,40,67,进站,平峰,工作日
150998303,西二旗,119,36,78,出站,高峰,工作日
150998303,西二旗,108,33,69,出站,平峰,工作日
150998303,西二旗,97,40,67,进站,全天,双休日
150998303,西二旗,108,33,69,出站,全天,双休日
150998305,龙泽,130,39,77,进站,高峰,工作日
150998305,龙泽,98,30,61,进站,平峰,工作日
150998305,龙泽,84,37,59,出站,高峰,工作日
150998305,龙泽,70,20,45,出站,平峰,工作日
150998305,龙泽,98,30,61,进站,全天,双休日
150998305,龙泽,70,20,45,出站,全天,双休日
150998307,回龙观,92,38,62,进站,高峰,工作日
150998307,回龙观,261,29,137,进站,平峰,工作日
150998307,回龙观,75,14,47,出站,高峰,工作日
150998307,回龙观,129,23,67,出站,平峰,工作日
150998307,回龙观,261,29,137,进站,全天,双休日
150998307,回龙观,129,23,67,出站,全天,双休日
150998309,霍营,130,39,77,进站,高峰,工作日
150998309,霍营,98,30,61,进站,平峰,工作日
150998309,霍营,84,37,59,出站,高峰,工作日
150998309,霍营,70,20,45,出站,平峰,工作日
150998309,霍营,98,30,61,进站,全天,双休日
150998309,霍营,70,20,45,出站,全天,双休日
150998311,立水桥,158,104,128,进站,高峰,工作日
150998311,立水桥,122,83,102,进站,平峰,工作日
150998311,立水桥,171,107,137,出站,高峰,工作日
150998311,立水桥,148,83,114,出站,平峰,工作日
150998311,立水桥,122,83,102,进站,全天,双休日
150998311,立水桥,148,83,114,出站,全天,双休日
150998313,北苑,130,39,77,进站,高峰,工作日
150998313,北苑,98,30,61,进站,平峰,工作日
150998313,北苑,84,37,59,出站,高峰,工作日
150998313,北苑,70,20,45,出站,平峰,工作日
150998313,北苑,98,30,61,进站,全天,双休日
150998313,北苑,70,20,45,出站,全天,双休日
150998315,望京西,194,85,139,进站,高峰,工作日
150998315,望京西,242,108,169,进站,平峰,工作日
150998315,望京西,254,128,189,出站,高峰,工作日
150998315,望京西,228,131,178,出站,平峰,工作日
150998315,望京西,242,108,169,进站,全天,双休日
150998315,望京西,244,120,178,出站,全天,双休日
150998317,芍药居,146,58,103,进站,高峰,工作日
150998317,芍药居,143,81,112,进站,平峰,工作日
150998317,芍药居,264,81,166,出站,高峰,工作日
150998317,芍药居,199,92,143,出站,平峰,工作日
150998317,芍药居,143,81,112,进站,全天,双休日
150998317,芍药居,199,92,143,出站,全天,双休日
150998319,光熙门,151,22,75,进站,高峰,工作日
150998319,光熙门,74,25,48,进站,平峰,工作日
150998319,光熙门,80,20,52,出站,高峰,工作日
150998319,光熙门,78,24,51,出站,平峰,工作日
150998319,光熙门,74,25,48,进站,全天,双休日
150998319,光熙门,78,24,51,出站,全天,双休日
150998321,柳芳,151,22,75,进站,高峰,工作日
150998321,柳芳,74,25,48,进站,平峰,工作日
150998321,柳芳,80,20,52,出站,高峰,工作日
150998321,柳芳,78,24,51,出站,平峰,工作日
150998321,柳芳,74,25,48,进站,全天,双休日
150998321,柳芳,78,24,51,出站,全天,双休日
150998323,东直门,332,129,232,进站,高峰,工作日
150998323,东直门,387,145,270,进站,平峰,工作日
150998323,东直门,346,74,205,出站,高峰,工作日
150998323,东直门,360,133,240,出站,平峰,工作日
150998323,东直门,387,145,270,进站,全天,双休日
150998323,东直门,360,133,240,出站,全天,双休日
150998549,张郭庄,50,39,45,进站,高峰,工作日
150998549,张郭庄,58,34,45,进站,平峰,工作日
150998549,张郭庄,55,36,43,进站,全天,双休日
150998549,张郭庄,58,38,46,出站,高峰,工作日
150998549,张郭庄,63,40,51,出站,平峰,工作日
150998549,张郭庄,74,56,67,出站,全天,双休日
150998551,园博园,151,15,104,进站,高峰,工作日
150998551,园博园,131,14,91,进站,平峰,工作日
150998551,园博园,106,10,58,进站,全天,双休日
150998551,园博园,105,64,88,出站,高峰,工作日
150998551,园博园,103,61,85,出站,平峰,工作日
150998551,园博园,140,11,66,出站,全天,双休日
150998553,大瓦窑,27,26,26,进站,高峰,工作日
150998553,大瓦窑,55,24,35,进站,平峰,工作日
150998553,大瓦窑,71,40,50,进站,全天,双休日
150998553,大瓦窑,57,22,40,出站,高峰,工作日
150998553,大瓦窑,57,28,45,出站,平峰,工作日
150998553,大瓦窑,75,45,55,出站,全天,双休日
150998555,郭庄子,32,25,28,进站,高峰,工作日
150998555,郭庄子,27,22,24,进站,平峰,工作日
150998555,郭庄子,60,55,58,进站,全天,双休日
150998555,郭庄子,59,56,57,出站,高峰,工作日
150998555,郭庄子,54,34,42,出站,平峰,工作日
150998555,郭庄子,73,57,63,出站,全天,双休日
150998557,大井,41,34,38,进站,高峰,工作日
150998557,大井,43,36,39,进站,平峰,工作日
150998557,大井,62,47,55,进站,全天,双休日
150998557,大井,73,49,61,出站,高峰,工作日
150998557,大井,71,43,57,出站,平峰,工作日
150998557,大井,31,30,31,出站,全天,双休日
150998559,七里庄,90,90,90,进站,高峰,工作日
150998559,七里庄,90,90,90,进站,平峰,工作日
150998559,七里庄,90,90,90,进站,全天,双休日
150998559,七里庄,90,90,90,出站,高峰,工作日
150998559,七里庄,90,90,90,出站,平峰,工作日
150998559,七里庄,90,90,90,出站,全天,双休日
150998561,西局,97,45,64,进站,高峰,工作日
150998561,西局,113,54,75,进站,平峰,工作日
150998561,西局,108,39,71,进站,全天,双休日
150998561,西局,60,47,53,出站,高峰,工作日
150998561,西局,146,63,103,出站,平峰,工作日
150998561,西局,114,37,74,出站,全天,双休日
150998823,望京西,265,111,196,出站,高峰,工作日
150998823,望京西,266,155,209,出站,平峰,工作日
150998823,望京西,228,131,178,进站,全天,双休日
150998823,望京西,266,155,209,出站,全天,双休日
150998823,望京西,265,50,160,进站,高峰,工作日
150998823,望京西,244,120,178,进站,平峰,工作日
150998825,望京,82,11,44,出站,高峰,工作日
150998825,望京,74,16,46,出站,平峰,工作日
150998825,望京,61,12,37,进站,全天,双休日
150998825,望京,74,16,46,出站,全天,双休日
150998825,望京,109,7,50,进站,高峰,工作日
150998825,望京,61,12,37,进站,平峰,工作日
150998827,望京东,90,90,90,出站,高峰,工作日
150998827,望京东,90,90,90,出站,平峰,工作日
150998827,望京东,90,90,90,进站,全天,双休日
150998827,望京东,90,90,90,出站,全天,双休日
150998827,望京东,90,90,90,进站,高峰,工作日
150998827,望京东,90,90,90,进站,平峰,工作日
150998829,崔各庄,82,11,44,出站,高峰,工作日
150998829,崔各庄,74,16,46,出站,平峰,工作日
150998829,崔各庄,61,12,37,进站,全天,双休日
150998829,崔各庄,74,16,46,出站,全天,双休日
150998829,崔各庄,109,7,50,进站,高峰,工作日
150998829,崔各庄,61,12,37,进站,平峰,工作日
150998831,马泉营,74,30,52,出站,高峰,工作日
150998831,马泉营,101,38,65,出站,平峰,工作日
150998831,马泉营,66,31,49,进站,全天,双休日
150998831,马泉营,101,38,65,出站,全天,双休日
150998831,马泉营,62,24,43,进站,高峰,工作日
150998831,马泉营,66,31,49,进站,平峰,工作日
150998833,孙河,82,11,44,出站,高峰,工作日
150998833,孙河,74,16,46,出站,平峰,工作日
150998833,孙河,61,12,37,进站,全天,双休日
150998833,孙河,74,16,46,出站,全天,双休日
150998833,孙河,109,7,50,进站,高峰,工作日
150998833,孙河,61,12,37,进站,平峰,工作日
150998835,国展,82,11,44,出站,高峰,工作日
150998835,国展,74,16,46,出站,平峰,工作日
150998835,国展,61,12,37,进站,全天,双休日
150998835,国展,74,16,46,出站,全天,双休日
150998835,国展,109,7,50,进站,高峰,工作日
150998835,国展,61,12,37,进站,平峰,工作日
150998837,花梨坎,82,11,44,出站,高峰,工作日
150998837,花梨坎,74,16,46,出站,平峰,工作日
150998837,花梨坎,61,12,37,进站,全天,双休日
150998837,花梨坎,74,16,46,出站,全天,双休日
150998837,花梨坎,109,7,50,进站,高峰,工作日
150998837,花梨坎,61,12,37,进站,平峰,工作日
150998839,后沙峪,82,11,44,出站,高峰,工作日
150998839,后沙峪,74,16,46,出站,平峰,工作日
150998839,后沙峪,61,12,37,进站,全天,双休日
150998839,后沙峪,74,16,46,出站,全天,双休日
150998839,后沙峪,109,7,50,进站,高峰,工作日
150998839,后沙峪,61,12,37,进站,平峰,工作日
150998841,南法信,90,90,90,出站,高峰,工作日
150998841,南法信,90,90,90,出站,平峰,工作日
150998841,南法信,90,90,90,进站,全天,双休日
150998841,南法信,90,90,90,出站,全天,双休日
150998841,南法信,90,90,90,进站,高峰,工作日
150998841,南法信,90,90,90,进站,平峰,工作日
150998843,石门,90,90,90,出站,高峰,工作日
150998843,石门,90,90,90,出站,平峰,工作日
150998843,石门,90,90,90,进站,全天,双休日
150998843,石门,90,90,90,出站,全天,双休日
150998843,石门,90,90,90,进站,高峰,工作日
150998843,石门,90,90,90,进站,平峰,工作日
150998845,顺义,90,90,90,出站,高峰,工作日
150998845,顺义,90,90,90,出站,平峰,工作日
150998845,顺义,90,90,90,进站,全天,双休日
150998845,顺义,90,90,90,出站,全天,双休日
150998845,顺义,90,90,90,进站,高峰,工作日
150998845,顺义,90,90,90,进站,平峰,工作日
150998847,俸伯,90,90,90,出站,高峰,工作日
150998847,俸伯,90,90,90,出站,平峰,工作日
150998847,俸伯,90,90,90,进站,全天,双休日
150998847,俸伯,90,90,90,出站,全天,双休日
150998847,俸伯,90,90,90,进站,高峰,工作日
150998847,俸伯,90,90,90,进站,平峰,工作日
151018007,潘家园,69,59,63,进站,高峰,工作日
151018007,潘家园,49,35,42,进站,平峰,工作日
151018007,潘家园,58,46,51,出站,平峰,工作日
151018007,潘家园,37,32,34,进站,全天,双休日
151018007,潘家园,53,44,49,出站,全天,双休日
151018007,潘家园,59,48,52,出站,高峰,工作日
151018009,十里河,90,90,90,进站,高峰,工作日
151018009,十里河,90,90,90,进站,平峰,工作日
151018009,十里河,90,90,90,出站,平峰,工作日
151018009,十里河,46,44,41,进站,全天,双休日
151018009,十里河,62,55,51,出站,全天,双休日
151018009,十里河,90,90,90,出站,高峰,工作日
151018011,分钟寺,90,90,90,进站,高峰,工作日
151018011,分钟寺,90,90,90,进站,平峰,工作日
151018011,分钟寺,90,90,90,出站,平峰,工作日
151018011,分钟寺,90,90,90,进站,全天,双休日
151018011,分钟寺,90,90,90,出站,全天,双休日
151018011,分钟寺,90,90,90,出站,高峰,工作日
151018013,成寿寺,90,90,90,进站,高峰,工作日
151018013,成寿寺,90,90,90,进站,平峰,工作日
151018013,成寿寺,90,90,90,出站,平峰,工作日
151018013,成寿寺,90,90,90,进站,全天,双休日
151018013,成寿寺,90,90,90,出站,全天,双休日
151018013,成寿寺,90,90,90,出站,高峰,工作日
151018015,宋家庄,90,90,90,进站,高峰,工作日
151018015,宋家庄,90,90,90,进站,平峰,工作日
151018015,宋家庄,90,90,90,出站,平峰,工作日
151018015,宋家庄,90,90,90,进站,全天,双休日
151018015,宋家庄,90,90,90,出站,全天,双休日
151018015,宋家庄,90,90,90,出站,高峰,工作日
151018017,石榴庄,90,90,90,进站,高峰,工作日
151018017,石榴庄,90,90,90,进站,平峰,工作日
151018017,石榴庄,90,90,90,出站,平峰,工作日
151018017,石榴庄,90,90,90,进站,全天,双休日
151018017,石榴庄,90,90,90,出站,全天,双休日
151018017,石榴庄,90,90,90,出站,高峰,工作日
151018019,大红门,90,90,90,进站,高峰,工作日
151018019,大红门,90,90,90,进站,平峰,工作日
151018019,大红门,90,90,90,出站,平峰,工作日
151018019,大红门,90,90,90,进站,全天,双休日
151018019,大红门,90,90,90,出站,全天,双休日
151018019,大红门,90,90,90,出站,高峰,工作日
151018021,角门东,90,90,90,进站,高峰,工作日
151018021,角门东,90,90,90,进站,平峰,工作日
151018021,角门东,90,90,90,出站,平峰,工作日
151018021,角门东,90,90,90,进站,全天,双休日
151018021,角门东,90,90,90,出站,全天,双休日
151018021,角门东,90,90,90,出站,高峰,工作日
151018023,角门西,90,90,90,进站,高峰,工作日
151018023,角门西,90,90,90,进站,平峰,工作日
151018023,角门西,90,90,90,出站,平峰,工作日
151018023,角门西,90,90,90,进站,全天,双休日
151018023,角门西,90,90,90,出站,全天,双休日
151018023,角门西,90,90,90,出站,高峰,工作日
151018025,草桥,90,90,90,进站,高峰,工作日
151018025,草桥,90,90,90,进站,平峰,工作日
151018025,草桥,90,90,90,出站,平峰,工作日
151018025,草桥,90,90,90,进站,全天,双休日
151018025,草桥,90,90,90,出站,全天,双休日
151018025,草桥,90,90,90,出站,高峰,工作日
151018027,纪家庙,90,90,90,进站,高峰,工作日
151018027,纪家庙,90,90,90,进站,平峰,工作日
151018027,纪家庙,90,90,90,出站,平峰,工作日
151018027,纪家庙,90,90,90,进站,全天,双休日
151018027,纪家庙,90,90,90,出站,全天,双休日
151018027,纪家庙,90,90,90,出站,高峰,工作日
151018029,首经贸,90,90,90,进站,高峰,工作日
151018029,首经贸,90,90,90,进站,平峰,工作日
151018029,首经贸,90,90,90,出站,平峰,工作日
151018029,首经贸,90,90,90,进站,全天,双休日
151018029,首经贸,90,90,90,出站,全天,双休日
151018029,首经贸,90,90,90,出站,高峰,工作日
151018031,丰台站,90,90,90,进站,高峰,工作日
151018031,丰台站,90,90,90,进站,平峰,工作日
151018031,丰台站,90,90,90,出站,平峰,工作日
151018031,丰台站,90,90,90,进站,全天,双休日
151018031,丰台站,90,90,90,出站,全天,双休日
151018031,丰台站,90,90,90,出站,高峰,工作日
151018033,泥洼,90,90,90,进站,高峰,工作日
151018033,泥洼,90,90,90,进站,平峰,工作日
151018033,泥洼,90,90,90,出站,平峰,工作日
151018033,泥洼,90,90,90,进站,全天,双休日
151018033,泥洼,90,90,90,出站,全天,双休日
151018033,泥洼,90,90,90,出站,高峰,工作日
151018035,西局,97,63.66666667,45,进站,高峰,工作日
151018035,西局,113,74.66666667,54,进站,平峰,工作日
151018035,西局,146,103.3333333,63,出站,平峰,工作日
151018035,西局,108,71.33333333,39,进站,全天,双休日
151018035,西局,114,74.33333333,37,出站,全天,双休日
151018035,西局,60,52.66666667,47,出站,高峰,工作日
151018037,六里桥,90,90,90,进站,高峰,工作日
151018037,六里桥,90,90,90,进站,平峰,工作日
151018037,六里桥,90,90,90,出站,平峰,工作日
151018037,六里桥,90,90,90,进站,全天,双休日
151018037,六里桥,90,90,90,出站,全天,双休日
151018037,六里桥,90,90,90,出站,高峰,工作日
151018039,莲花桥,90,90,90,进站,高峰,工作日
151018039,莲花桥,90,90,90,进站,平峰,工作日
151018039,莲花桥,90,90,90,出站,平峰,工作日
151018039,莲花桥,90,90,90,进站,全天,双休日
151018039,莲花桥,90,90,90,出站,全天,双休日
151018039,莲花桥,90,90,90,出站,高峰,工作日
151018041,公主坟,90,90,90,进站,高峰,工作日
151018041,公主坟,90,90,90,进站,平峰,工作日
151018041,公主坟,90,90,90,出站,平峰,工作日
151018041,公主坟,90,90,90,进站,全天,双休日
151018041,公主坟,90,90,90,出站,全天,双休日
151018041,公主坟,90,90,90,出站,高峰,工作日
151018043,西钓鱼台,90,90,90,进站,高峰,工作日
151018043,西钓鱼台,90,90,90,进站,平峰,工作日
151018043,西钓鱼台,90,90,90,出站,平峰,工作日
151018043,西钓鱼台,90,90,90,进站,全天,双休日
151018043,西钓鱼台,90,90,90,出站,全天,双休日
151018043,西钓鱼台,90,90,90,出站,高峰,工作日
151018045,慈寿寺,90,90,90,进站,高峰,工作日
151018045,慈寿寺,90,90,90,进站,平峰,工作日
151018045,慈寿寺,90,90,90,出站,平峰,工作日
151018045,慈寿寺,90,90,90,进站,全天,双休日
151018045,慈寿寺,90,90,90,出站,全天,双休日
151018045,慈寿寺,90,90,90,出站,高峰,工作日
151018047,车道沟,90,90,90,进站,高峰,工作日
151018047,车道沟,90,90,90,进站,平峰,工作日
151018047,车道沟,90,90,90,出站,平峰,工作日
151018047,车道沟,90,90,90,进站,全天,双休日
151018047,车道沟,90,90,90,出站,全天,双休日
151018047,车道沟,90,90,90,出站,高峰,工作日
151018049,长春桥,90,90,90,进站,高峰,工作日
151018049,长春桥,90,90,90,进站,平峰,工作日
151018049,长春桥,90,90,90,出站,平峰,工作日
151018049,长春桥,90,90,90,进站,全天,双休日
151018049,长春桥,90,90,90,出站,全天,双休日
151018049,长春桥,90,90,90,出站,高峰,工作日
151018051,火器营,90,90,90,进站,高峰,工作日
151018051,火器营,90,90,90,进站,平峰,工作日
151018051,火器营,90,90,90,出站,平峰,工作日
151018051,火器营,90,90,90,进站,全天,双休日
151018051,火器营,90,90,90,出站,全天,双休日
151018051,火器营,90,90,90,出站,高峰,工作日
151018773,新宫,69,38,54,出站,高峰,工作日
151018773,新宫,66,35,51,出站,平峰,工作日
151018773,新宫,55,28,42,进站,全天,双休日
151018773,新宫,66,35,51,出站,全天,双休日
151018773,新宫,60,30,45,进站,高峰,工作日
151018773,新宫,55,28,42,进站,平峰,工作日
151018775,西红门,129,9,67,出站,高峰,工作日
151018775,西红门,119,7,62,出站,平峰,工作日
151018775,西红门,145,10,75,进站,全天,双休日
151018775,西红门,119,7,62,出站,全天,双休日
151018775,西红门,118,9,63,进站,高峰,工作日
151018775,西红门,145,10,75,进站,平峰,工作日
151018777,高米店北,83,34,57,出站,高峰,工作日
151018777,高米店北,75,38,56,出站,平峰,工作日
151018777,高米店北,42,22,31,进站,全天,双休日
151018777,高米店北,75,38,56,出站,全天,双休日
151018777,高米店北,47,20,33,进站,高峰,工作日
151018777,高米店北,42,22,31,进站,平峰,工作日
151018779,高米店南,83,34,57,出站,高峰,工作日
151018779,高米店南,75,38,56,出站,平峰,工作日
151018779,高米店南,42,22,31,进站,全天,双休日
151018779,高米店南,75,38,56,出站,全天,双休日
151018779,高米店南,47,20,33,进站,高峰,工作日
151018779,高米店南,42,22,31,进站,平峰,工作日
151018781,枣园,83,34,57,出站,高峰,工作日
151018781,枣园,75,38,56,出站,平峰,工作日
151018781,枣园,42,22,31,进站,全天,双休日
151018781,枣园,75,38,56,出站,全天,双休日
151018781,枣园,47,20,33,进站,高峰,工作日
151018781,枣园,42,22,31,进站,平峰,工作日
151018783,清源路,83,34,57,出站,高峰,工作日
151018783,清源路,75,38,56,出站,平峰,工作日
151018783,清源路,42,22,31,进站,全天,双休日
151018783,清源路,75,38,56,出站,全天,双休日
151018783,清源路,47,20,33,进站,高峰,工作日
151018783,清源路,42,22,31,进站,平峰,工作日
151018785,黄村西大街,83,34,57,出站,高峰,工作日
151018785,黄村西大街,75,38,56,出站,平峰,工作日
151018785,黄村西大街,42,22,31,进站,全天,双休日
151018785,黄村西大街,75,38,56,出站,全天,双休日
151018785,黄村西大街,47,20,33,进站,高峰,工作日
151018785,黄村西大街,42,22,31,进站,平峰,工作日
151018787,黄村火车站,83,34,57,出站,高峰,工作日
151018787,黄村火车站,75,38,56,出站,平峰,工作日
151018787,黄村火车站,42,22,31,进站,全天,双休日
151018787,黄村火车站,75,38,56,出站,全天,双休日
151018787,黄村火车站,47,20,33,进站,高峰,工作日
151018787,黄村火车站,42,22,31,进站,平峰,工作日
151018789,义和庄,83,34,57,出站,高峰,工作日
151018789,义和庄,75,38,56,出站,平峰,工作日
151018789,义和庄,42,22,31,进站,全天,双休日
151018789,义和庄,75,38,56,出站,全天,双休日
151018789,义和庄,47,20,33,进站,高峰,工作日
151018789,义和庄,42,22,31,进站,平峰,工作日
151018791,生物医药基地,83,34,57,出站,高峰,工作日
151018791,生物医药基地,75,38,56,出站,平峰,工作日
151018791,生物医药基地,42,22,31,进站,全天,双休日
151018791,生物医药基地,75,38,56,出站,全天,双休日
151018791,生物医药基地,47,20,33,进站,高峰,工作日
151018791,生物医药基地,42,22,31,进站,平峰,工作日
151018793,天宫院,83,34,57,出站,高峰,工作日
151018793,天宫院,75,38,56,出站,平峰,工作日
151018793,天宫院,42,22,31,进站,全天,双休日
151018793,天宫院,75,38,56,出站,全天,双休日
151018793,天宫院,47,20,33,进站,高峰,工作日
151018793,天宫院,42,22,31,进站,平峰,工作日
151019037,南邵,242,36,126,出站,高峰,工作日
150996775,广渠门内,90,90,90,出站,平峰,工作日
150996775,广渠门内,90,90,90,进站,全天,双休日
150996775,广渠门内,90,90,90,出站,全天,双休日
150996777,广渠门外,90,90,90,进站,高峰,工作日
150996777,广渠门外,90,90,90,出站,高峰,工作日
150996777,广渠门外,90,90,90,进站,平峰,工作日
150996777,广渠门外,90,90,90,出站,平峰,工作日
150996777,广渠门外,90,90,90,进站,全天,双休日
150996777,广渠门外,90,90,90,出站,全天,双休日
150996779,双井,90,90,90,进站,高峰,工作日
150996779,双井,90,90,90,出站,高峰,工作日
150996779,双井,90,90,90,进站,平峰,工作日
150996779,双井,90,90,90,出站,平峰,工作日
150996779,双井,90,90,90,进站,全天,双休日
150996779,双井,90,90,90,出站,全天,双休日
150996781,九龙山,90,90,90,进站,高峰,工作日
150996781,九龙山,90,90,90,出站,高峰,工作日
150996781,九龙山,90,90,90,进站,平峰,工作日
150996781,九龙山,90,90,90,出站,平峰,工作日
150996781,九龙山,90,90,90,进站,全天,双休日
150996781,九龙山,90,90,90,出站,全天,双休日
150996783,大郊亭,90,90,90,进站,高峰,工作日
150996783,大郊亭,90,90,90,出站,高峰,工作日
150996783,大郊亭,90,90,90,进站,平峰,工作日
150996783,大郊亭,90,90,90,出站,平峰,工作日
150996783,大郊亭,90,90,90,进站,全天,双休日
150996783,大郊亭,90,90,90,出站,全天,双休日
150996785,百子湾,90,90,90,进站,高峰,工作日
150996785,百子湾,90,90,90,出站,高峰,工作日
150996785,百子湾,90,90,90,进站,平峰,工作日
150996785,百子湾,90,90,90,出站,平峰,工作日
150996785,百子湾,90,90,90,进站,全天,双休日
150996785,百子湾,90,90,90,出站,全天,双休日
150996787,化工,90,90,90,进站,高峰,工作日
150996787,化工,90,90,90,出站,高峰,工作日
150996787,化工,90,90,90,进站,平峰,工作日
150996787,化工,90,90,90,出站,平峰,工作日
150996787,化工,90,90,90,进站,全天,双休日
150996787,化工,90,90,90,出站,全天,双休日
150996789,南楼梓庄,90,90,90,进站,高峰,工作日
150996789,南楼梓庄,90,90,90,出站,高峰,工作日
150996789,南楼梓庄,90,90,90,进站,平峰,工作日
150996789,南楼梓庄,90,90,90,出站,平峰,工作日
150996789,南楼梓庄,90,90,90,进站,全天,双休日
150996789,南楼梓庄,90,90,90,出站,全天,双休日
150996791,欢乐谷景区,90,90,90,进站,高峰,工作日
150996791,欢乐谷景区,90,90,90,出站,高峰,工作日
150996791,欢乐谷景区,90,90,90,进站,平峰,工作日
150996791,欢乐谷景区,90,90,90,出站,平峰,工作日
150996791,欢乐谷景区,90,90,90,进站,全天,双休日
150996791,欢乐谷景区,90,90,90,出站,全天,双休日
150996793,头,90,90,90,进站,高峰,工作日
150996793,头,90,90,90,出站,高峰,工作日
150996793,头,90,90,90,进站,平峰,工作日
150996793,头,90,90,90,出站,平峰,工作日
150996793,头,90,90,90,进站,全天,双休日
150996793,头,90,90,90,出站,全天,双休日
150996795,双合,90,90,90,进站,高峰,工作日
150996795,双合,90,90,90,出站,高峰,工作日
150996795,双合,90,90,90,进站,平峰,工作日
150996795,双合,90,90,90,出站,平峰,工作日
150996795,双合,90,90,90,进站,全天,双休日
150996795,双合,90,90,90,出站,全天,双休日
150996797,焦化厂,90,90,90,进站,高峰,工作日
150996797,焦化厂,90,90,90,出站,高峰,工作日
150996797,焦化厂,90,90,90,进站,平峰,工作日
150996797,焦化厂,90,90,90,出站,平峰,工作日
150996797,焦化厂,90,90,90,进站,全天,双休日
150996797,焦化厂,90,90,90,出站,全天,双休日
150998821,关庄,90,90,90,进站,高峰,工作日
150998821,关庄,90,90,90,出站,高峰,工作日
150998821,关庄,90,90,90,进站,平峰,工作日
150998821,关庄,90,90,90,出站,平峰,工作日
150998821,关庄,90,90,90,进站,全天,双休日
150998821,关庄,90,90,90,出站,全天,双休日
150998819,大屯路东,90,90,90,进站,高峰,工作日
150998819,大屯路东,90,90,90,出站,高峰,工作日
150998819,大屯路东,90,90,90,进站,平峰,工作日
150998819,大屯路东,90,90,90,出站,平峰,工作日
150998819,大屯路东,90,90,90,进站,全天,双休日
150998819,大屯路东,90,90,90,出站,全天,双休日
150998817,安立路,90,90,90,进站,高峰,工作日
150998817,安立路,90,90,90,出站,高峰,工作日
150998817,安立路,90,90,90,进站,平峰,工作日
150998817,安立路,90,90,90,出站,平峰,工作日
150998817,安立路,90,90,90,进站,全天,双休日
150998817,安立路,90,90,90,出站,全天,双休日
150998815,奥林匹克公园,90,90,90,进站,高峰,工作日
150998815,奥林匹克公园,90,90,90,出站,高峰,工作日
150998815,奥林匹克公园,90,90,90,进站,平峰,工作日
150998815,奥林匹克公园,90,90,90,出站,平峰,工作日
150998815,奥林匹克公园,90,90,90,进站,全天,双休日
150998815,奥林匹克公园,90,90,90,出站,全天,双休日
150998813,北沙滩,90,90,90,进站,高峰,工作日
150998813,北沙滩,90,90,90,出站,高峰,工作日
150998813,北沙滩,90,90,90,进站,平峰,工作日
150998813,北沙滩,90,90,90,出站,平峰,工作日
150998813,北沙滩,90,90,90,进站,全天,双休日
150998813,北沙滩,90,90,90,出站,全天,双休日
150998811,六道口,90,90,90,进站,高峰,工作日
150998811,六道口,90,90,90,出站,高峰,工作日
150998811,六道口,90,90,90,进站,平峰,工作日
150998811,六道口,90,90,90,出站,平峰,工作日
150998811,六道口,90,90,90,进站,全天,双休日
150998811,六道口,90,90,90,出站,全天,双休日
150998809,清华东路西口,90,90,90,进站,高峰,工作日
150998809,清华东路西口,90,90,90,出站,高峰,工作日
150998809,清华东路西口,90,90,90,进站,平峰,工作日
150998809,清华东路西口,90,90,90,出站,平峰,工作日
150998809,清华东路西口,90,90,90,进站,全天,双休日
150998809,清华东路西口,90,90,90,出站,全天,双休日
150998621,善各庄,90,90,90,进站,高峰,工作日
150998621,善各庄,90,90,90,出站,高峰,工作日
150998621,善各庄,90,90,90,进站,平峰,工作日
150998621,善各庄,90,90,90,出站,平峰,工作日
150998621,善各庄,90,90,90,进站,全天,双休日
150998621,善各庄,90,90,90,出站,全天,双休日
150998619,来广营,90,90,90,进站,高峰,工作日
150998619,来广营,90,90,90,出站,高峰,工作日
150998619,来广营,90,90,90,进站,平峰,工作日
150998619,来广营,90,90,90,出站,平峰,工作日
150998619,来广营,90,90,90,进站,全天,双休日
150998619,来广营,90,90,90,出站,全天,双休日
150998617,东湖渠,90,90,90,进站,高峰,工作日
150998617,东湖渠,90,90,90,出站,高峰,工作日
150998617,东湖渠,90,90,90,进站,平峰,工作日
150998617,东湖渠,90,90,90,出站,平峰,工作日
150998617,东湖渠,90,90,90,进站,全天,双休日
150998617,东湖渠,90,90,90,出站,全天,双休日
150998615,望京,90,90,90,进站,高峰,工作日
150998615,望京,90,90,90,出站,高峰,工作日
150998615,望京,90,90,90,进站,平峰,工作日
150998615,望京,90,90,90,出站,平峰,工作日
150998615,望京,90,90,90,进站,全天,双休日
150998615,望京,90,90,90,出站,全天,双休日
150998613,阜通,90,90,90,进站,高峰,工作日
150998613,阜通,90,90,90,出站,高峰,工作日
150998613,阜通,90,90,90,进站,平峰,工作日
151019553,万源街,75,23,50,进站,高峰,工作日
151019553,万源街,156,40,91,进站,平峰,工作日
151019555,荣京东街,112,53,84,出站,高峰,工作日
151019555,荣京东街,118,49,78,出站,平峰,工作日
151019555,荣京东街,156,40,91,进站,全天,双休日
151019555,荣京东街,118,49,78,出站,全天,双休日
151019555,荣京东街,75,23,50,进站,高峰,工作日
151019555,荣京东街,156,40,91,进站,平峰,工作日
151019557,荣昌东街,112,53,84,出站,高峰,工作日
151019557,荣昌东街,118,49,78,出站,平峰,工作日
151019557,荣昌东街,156,40,91,进站,全天,双休日
151019557,荣昌东街,118,49,78,出站,全天,双休日
151019557,荣昌东街,75,23,50,进站,高峰,工作日
151019557,荣昌东街,156,40,91,进站,平峰,工作日
151019559,同济南路,112,53,84,出站,高峰,工作日
151019559,同济南路,118,49,78,出站,平峰,工作日
151019559,同济南路,156,40,91,进站,全天,双休日
151019559,同济南路,118,49,78,出站,全天,双休日
151019559,同济南路,75,23,50,进站,高峰,工作日
151019559,同济南路,156,40,91,进站,平峰,工作日
151019561,经海路,112,53,84,出站,高峰,工作日
151019561,经海路,118,49,78,出站,平峰,工作日
151019561,经海路,156,40,91,进站,全天,双休日
151019561,经海路,118,49,78,出站,全天,双休日
151019561,经海路,75,23,50,进站,高峰,工作日
151019561,经海路,156,40,91,进站,平峰,工作日
151019563,次渠南,69,40,54,出站,高峰,工作日
151019563,次渠南,78,50,62,出站,平峰,工作日
151019563,次渠南,75,29,49,进站,全天,双休日
151019563,次渠南,78,50,62,出站,全天,双休日
151019563,次渠南,43,25,36,进站,高峰,工作日
151019563,次渠南,75,29,49,进站,平峰,工作日
151019565,次渠,69,40,54,出站,高峰,工作日
151019565,次渠,78,50,62,出站,平峰,工作日
151019565,次渠,75,29,49,进站,全天,双休日
151019565,次渠,78,50,62,出站,全天,双休日
151019565,次渠,43,25,36,进站,高峰,工作日
151019565,次渠,75,29,49,进站,平峰,工作日
151019567,亦庄火车站,69,40,54,出站,高峰,工作日
151019567,亦庄火车站,78,50,62,出站,平峰,工作日
151019567,亦庄火车站,75,29,49,进站,全天,双休日
151019567,亦庄火车站,78,50,62,出站,全天,双休日
151019567,亦庄火车站,43,25,36,进站,高峰,工作日
151019567,亦庄火车站,75,29,49,进站,平峰,工作日
151019777,四惠,98,30,62,出站,高峰,工作日
151019777,四惠,68,37,53,出站,平峰,工作日
151019777,四惠,98,30,62,进站,全天,双休日
151019777,四惠,68,37,53,出站,全天,双休日
151019777,四惠,76,25,49,进站,高峰,工作日
151019777,四惠,98,30,62,进站,平峰,工作日
151019778,四惠东,125,39,81,出站,高峰,工作日
151019778,四惠东,188,32,97,出站,平峰,工作日
151019778,四惠东,125,39,81,进站,全天,双休日
151019778,四惠东,188,32,97,出站,全天,双休日
151019778,四惠东,34,21,28,进站,高峰,工作日
151019778,四惠东,125,39,81,进站,平峰,工作日
151019779,高碑店,97,25,62,出站,高峰,工作日
151019779,高碑店,95,24,57,出站,平峰,工作日
151019779,高碑店,94,10,47,进站,全天,双休日
151019779,高碑店,95,24,57,出站,全天,双休日
151019779,高碑店,88,9,41,进站,高峰,工作日
151019779,高碑店,94,10,47,进站,平峰,工作日
151019780,传媒大学,97,25,62,出站,高峰,工作日
151019780,传媒大学,95,24,57,出站,平峰,工作日
150998613,阜通,90,90,90,出站,平峰,工作日
150998613,阜通,90,90,90,进站,全天,双休日
150998613,阜通,90,90,90,出站,全天,双休日
150998611,望京南,90,90,90,进站,高峰,工作日
150998611,望京南,90,90,90,出站,高峰,工作日
150998611,望京南,90,90,90,进站,平峰,工作日
150998611,望京南,90,90,90,出站,平峰,工作日
150998611,望京南,90,90,90,进站,全天,双休日
150998611,望京南,90,90,90,出站,全天,双休日
150998609,高家园,90,90,90,进站,高峰,工作日
150998609,高家园,90,90,90,出站,高峰,工作日
150998609,高家园,90,90,90,进站,平峰,工作日
150998609,高家园,90,90,90,出站,平峰,工作日
150998609,高家园,90,90,90,进站,全天,双休日
150998609,高家园,90,90,90,出站,全天,双休日
150998607,将台,90,90,90,进站,高峰,工作日
150998607,将台,90,90,90,出站,高峰,工作日
150998607,将台,90,90,90,进站,平峰,工作日
150998607,将台,90,90,90,出站,平峰,工作日
150998607,将台,90,90,90,进站,全天,双休日
150998607,将台,90,90,90,出站,全天,双休日
150998605,东风北桥,90,90,90,进站,高峰,工作日
150998605,东风北桥,90,90,90,出站,高峰,工作日
150998605,东风北桥,90,90,90,进站,平峰,工作日
150998605,东风北桥,90,90,90,出站,平峰,工作日
150998605,东风北桥,90,90,90,进站,全天,双休日
150998605,东风北桥,90,90,90,出站,全天,双休日
150998603,枣营,90,90,90,进站,高峰,工作日
150998603,枣营,90,90,90,出站,高峰,工作日
150998603,枣营,90,90,90,进站,平峰,工作日
150998603,枣营,90,90,90,出站,平峰,工作日
150998603,枣营,90,90,90,进站,全天,双休日
150998603,枣营,90,90,90,出站,全天,双休日
150998601,朝阳公园,90,90,90,进站,高峰,工作日
150998601,朝阳公园,90,90,90,出站,高峰,工作日
150998601,朝阳公园,90,90,90,进站,平峰,工作日
150998601,朝阳公园,90,90,90,出站,平峰,工作日
150998601,朝阳公园,90,90,90,进站,全天,双休日
150998601,朝阳公园,90,90,90,出站,全天,双休日
150998599,金台路,90,90,90,进站,高峰,工作日
150998599,金台路,90,90,90,出站,高峰,工作日
150998599,金台路,90,90,90,进站,平峰,工作日
150998599,金台路,90,90,90,出站,平峰,工作日
150998599,金台路,90,90,90,进站,全天,双休日
150998599,金台路,90,90,90,出站,全天,双休日
150996543,物资学院路,90,90,90,进站,高峰,工作日
150996543,物资学院路,90,90,90,出站,高峰,工作日
150996543,物资学院路,90,90,90,进站,平峰,工作日
150996543,物资学院路,90,90,90,出站,平峰,工作日
150996543,物资学院路,90,90,90,进站,全天,双休日
150996543,物资学院路,90,90,90,出站,全天,双休日
150996545,通州北关,90,90,90,进站,高峰,工作日
150996545,通州北关,90,90,90,出站,高峰,工作日
150996545,通州北关,90,90,90,进站,平峰,工作日
150996545,通州北关,90,90,90,出站,平峰,工作日
150996545,通州北关,90,90,90,进站,全天,双休日
150996545,通州北关,90,90,90,出站,全天,双休日
150996547,通运门,90,90,90,进站,高峰,工作日
150996547,通运门,90,90,90,出站,高峰,工作日
150996547,通运门,90,90,90,进站,平峰,工作日
150996547,通运门,90,90,90,出站,平峰,工作日
150996547,通运门,90,90,90,进站,全天,双休日
150996547,通运门,90,90,90,出站,全天,双休日
150996549,北运河西,90,90,90,进站,高峰,工作日
150996549,北运河西,90,90,90,出站,高峰,工作日
150996549,北运河西,90,90,90,进站,平峰,工作日
150996549,北运河西,90,90,90,出站,平峰,工作日
150996549,北运河西,90,90,90,进站,全天,双休日
150996549,北运河西,90,90,90,出站,全天,双休日
150996551,北运河东,90,90,90,进站,高峰,工作日
150996551,北运河东,90,90,90,出站,高峰,工作日
150996551,北运河东,90,90,90,进站,平峰,工作日
150996551,北运河东,90,90,90,出站,平峰,工作日
150996551,北运河东,90,90,90,进站,全天,双休日
150996551,北运河东,90,90,90,出站,全天,双休日
150996553,郝家府,90,90,90,进站,高峰,工作日
150996553,郝家府,90,90,90,出站,高峰,工作日
150996553,郝家府,90,90,90,进站,平峰,工作日
150996553,郝家府,90,90,90,出站,平峰,工作日
150996553,郝家府,90,90,90,进站,全天,双休日
150996553,郝家府,90,90,90,出站,全天,双休日
150996555,东夏园,90,90,90,进站,高峰,工作日
150996555,东夏园,90,90,90,出站,高峰,工作日
150996555,东夏园,90,90,90,进站,平峰,工作日
150996555,东夏园,90,90,90,出站,平峰,工作日
150996555,东夏园,90,90,90,进站,全天,双休日
150996555,东夏园,90,90,90,出站,全天,双休日
150996557,潞城,90,90,90,进站,高峰,工作日
150996557,潞城,90,90,90,出站,高峰,工作日
150996557,潞城,90,90,90,进站,平峰,工作日
150996557,潞城,90,90,90,出站,平峰,工作日
150996557,潞城,90,90,90,进站,全天,双休日
150996557,潞城,90,90,90,出站,全天,双休日
150996757,北京西站,90,90,90,进站,高峰,工作日
150996757,北京西站,90,90,90,出站,高峰,工作日
150996757,北京西站,90,90,90,进站,平峰,工作日
150996757,北京西站,90,90,90,出站,平峰,工作日
150996757,北京西站,90,90,90,进站,全天,双休日
150996757,北京西站,90,90,90,出站,全天,双休日
150996759,湾子,90,90,90,进站,高峰,工作日
150996759,湾子,90,90,90,出站,高峰,工作日
150996759,湾子,90,90,90,进站,平峰,工作日
150996759,湾子,90,90,90,出站,平峰,工作日
150996759,湾子,90,90,90,进站,全天,双休日
150996759,湾子,90,90,90,出站,全天,双休日
150996761,达官营,90,90,90,进站,高峰,工作日
150996761,达官营,90,90,90,出站,高峰,工作日
150996761,达官营,90,90,90,进站,平峰,工作日
150996761,达官营,90,90,90,出站,平峰,工作日
150996761,达官营,90,90,90,进站,全天,双休日
150996761,达官营,90,90,90,出站,全天,双休日
150996763,广安门内,90,90,90,进站,高峰,工作日
150996763,广安门内,90,90,90,出站,高峰,工作日
150996763,广安门内,90,90,90,进站,平峰,工作日
150996763,广安门内,90,90,90,出站,平峰,工作日
150996763,广安门内,90,90,90,进站,全天,双休日
150996763,广安门内,90,90,90,出站,全天,双休日
150996765,菜市口,90,90,90,进站,高峰,工作日
150996765,菜市口,90,90,90,出站,高峰,工作日
150996765,菜市口,90,90,90,进站,平峰,工作日
150996765,菜市口,90,90,90,出站,平峰,工作日
150996765,菜市口,90,90,90,进站,全天,双休日
150996765,菜市口,90,90,90,出站,全天,双休日
150996767,虎坊桥,90,90,90,进站,高峰,工作日
150996767,虎坊桥,90,90,90,出站,高峰,工作日
150996767,虎坊桥,90,90,90,进站,平峰,工作日
150996767,虎坊桥,90,90,90,出站,平峰,工作日
150996767,虎坊桥,90,90,90,进站,全天,双休日
150996767,虎坊桥,90,90,90,出站,全天,双休日
150996769,珠市口,90,90,90,进站,高峰,工作日
150996769,珠市口,90,90,90,出站,高峰,工作日
150996769,珠市口,90,90,90,进站,平峰,工作日
150996769,珠市口,90,90,90,出站,平峰,工作日
150996769,珠市口,90,90,90,进站,全天,双休日
150996769,珠市口,90,90,90,出站,全天,双休日
150996771,桥湾,90,90,90,进站,高峰,工作日
150996771,桥湾,90,90,90,出站,高峰,工作日
150996771,桥湾,90,90,90,进站,平峰,工作日
150996771,桥湾,90,90,90,出站,平峰,工作日
150996771,桥湾,90,90,90,进站,全天,双休日
150996771,桥湾,90,90,90,出站,全天,双休日
150996773,磁器口,90,90,90,进站,高峰,工作日
150996773,磁器口,90,90,90,出站,高峰,工作日
150996773,磁器口,90,90,90,进站,平峰,工作日
150996773,磁器口,90,90,90,出站,平峰,工作日
150996773,磁器口,90,90,90,进站,全天,双休日
150996773,磁器口,90,90,90,出站,全天,双休日
150996775,广渠门内,90,90,90,进站,高峰,工作日
150996775,广渠门内,90,90,90,出站,高峰,工作日
150996775,广渠门内,90,90,90,进站,平峰,工作日
151019027,昌平西山口,120,120,120,进站,高峰,工作日
151019027,昌平西山口,120,120,120,出站,高峰,工作日
151019027,昌平西山口,120,120,120,进站,平峰,工作日
151019027,昌平西山口,120,120,120,出站,平峰,工作日
151019027,昌平西山口,120,120,120,进站,全天,双休日
151019027,昌平西山口,120,120,120,出站,全天,双休日
151019029,十三陵景区,120,120,120,进站,高峰,工作日
151019029,十三陵景区,120,120,120,出站,高峰,工作日
151019029,十三陵景区,120,120,120,进站,平峰,工作日
151019029,十三陵景区,120,120,120,出站,平峰,工作日
151019029,十三陵景区,120,120,120,进站,全天,双休日
151019029,十三陵景区,120,120,120,出站,全天,双休日
151019031,昌平,120,120,120,进站,高峰,工作日
151019031,昌平,120,120,120,出站,高峰,工作日
151019031,昌平,120,120,120,进站,平峰,工作日
151019031,昌平,120,120,120,出站,平峰,工作日
151019031,昌平,120,120,120,进站,全天,双休日
151019031,昌平,120,120,120,出站,全天,双休日
151019033,昌平东关,120,120,120,进站,高峰,工作日
151019033,昌平东关,120,120,120,出站,高峰,工作日
151019033,昌平东关,120,120,120,进站,平峰,工作日
151019033,昌平东关,120,120,120,出站,平峰,工作日
151019033,昌平东关,120,120,120,进站,全天,双休日
151019033,昌平东关,120,120,120,出站,全天,双休日
151019035,北邵洼,120,120,120,进站,高峰,工作日
151019035,北邵洼,120,120,120,出站,高峰,工作日
151019035,北邵洼,120,120,120,进站,平峰,工作日
151019035,北邵洼,120,120,120,出站,平峰,工作日
151019035,北邵洼,120,120,120,进站,全天,双休日
151019035,北邵洼,120,120,120,出站,全天,双休日
150998573,北京南站,120,120,120,进站,高峰,工作日
150998573,北京南站,120,120,120,出站,高峰,工作日
150998573,北京南站,120,120,120,进站,平峰,工作日
150998573,北京南站,120,120,120,出站,平峰,工作日
150998573,北京南站,120,120,120,进站,全天,双休日
150998573,北京南站,120,120,120,出站,全天,双休日
150998575,陶然桥,120,120,120,进站,高峰,工作日
150998575,陶然桥,120,120,120,出站,高峰,工作日
150998575,陶然桥,120,120,120,进站,平峰,工作日
150998575,陶然桥,120,120,120,出站,平峰,工作日
150998575,陶然桥,120,120,120,进站,全天,双休日
150998575,陶然桥,120,120,120,出站,全天,双休日
150998577,永定门外,120,120,120,进站,高峰,工作日
150998577,永定门外,120,120,120,出站,高峰,工作日
150998577,永定门外,120,120,120,进站,平峰,工作日
150998577,永定门外,120,120,120,出站,平峰,工作日
150998577,永定门外,120,120,120,进站,全天,双休日
150998577,永定门外,120,120,120,出站,全天,双休日
150998579,景泰,120,120,120,进站,高峰,工作日
150998579,景泰,120,120,120,出站,高峰,工作日
150998579,景泰,120,120,120,进站,平峰,工作日
150998579,景泰,120,120,120,出站,平峰,工作日
150998579,景泰,120,120,120,进站,全天,双休日
150998579,景泰,120,120,120,出站,全天,双休日
150998581,蒲黄榆,120,120,120,进站,高峰,工作日
150998581,蒲黄榆,120,120,120,出站,高峰,工作日
150998581,蒲黄榆,120,120,120,进站,平峰,工作日
150998581,蒲黄榆,120,120,120,出站,平峰,工作日
150998581,蒲黄榆,120,120,120,进站,全天,双休日
150998581,蒲黄榆,120,120,120,出站,全天,双休日
150998583,方庄,120,120,120,进站,高峰,工作日
150998583,方庄,120,120,120,出站,高峰,工作日
150998583,方庄,120,120,120,进站,平峰,工作日
150998583,方庄,120,120,120,出站,平峰,工作日
150998583,方庄,120,120,120,进站,全天,双休日
150998583,方庄,120,120,120,出站,全天,双休日
150998585,十里河,120,120,120,进站,高峰,工作日
150998585,十里河,120,120,120,出站,高峰,工作日
150998585,十里河,120,120,120,进站,平峰,工作日
150998585,十里河,120,120,120,出站,平峰,工作日
150998585,十里河,120,120,120,进站,全天,双休日
150998585,十里河,120,120,120,出站,全天,双休日
150998589,北工大西门,120,120,120,进站,高峰,工作日
150998589,北工大西门,120,120,120,出站,高峰,工作日
150998589,北工大西门,120,120,120,进站,平峰,工作日
150998589,北工大西门,120,120,120,出站,平峰,工作日
150998589,北工大西门,120,120,120,进站,全天,双休日
150998589,北工大西门,120,120,120,出站,全天,双休日
150998591,平乐园,120,120,120,进站,高峰,工作日
150998591,平乐园,120,120,120,出站,高峰,工作日
150998591,平乐园,120,120,120,进站,平峰,工作日
150998591,平乐园,120,120,120,出站,平峰,工作日
150998591,平乐园,120,120,120,进站,全天,双休日
150998591,平乐园,120,120,120,出站,全天,双休日
150998593,九龙山,120,120,120,进站,高峰,工作日
150998593,九龙山,120,120,120,出站,高峰,工作日
150998593,九龙山,120,120,120,进站,平峰,工作日
150998593,九龙山,120,120,120,出站,平峰,工作日
150998593,九龙山,120,120,120,进站,全天,双休日
150998593,九龙山,120,120,120,出站,全天,双休日
150998595,大望路,120,120,120,进站,高峰,工作日
150998595,大望路,120,120,120,出站,高峰,工作日
150998595,大望路,120,120,120,进站,平峰,工作日
150998595,大望路,120,120,120,出站,平峰,工作日
150998595,大望路,120,120,120,进站,全天,双休日
150998595,大望路,120,120,120,出站,全天,双休日
150999079,西苑,120,120,120,进站,高峰,工作日
150999079,西苑,120,120,120,出站,高峰,工作日
150999079,西苑,120,120,120,进站,平峰,工作日
150999079,西苑,120,120,120,出站,平峰,工作日
150999079,西苑,120,120,120,进站,全天,双休日
150999079,西苑,120,120,120,出站,全天,双休日
150999061,北安河,120,120,120,进站,高峰,工作日
150999061,北安河,120,120,120,出站,高峰,工作日
150999061,北安河,120,120,120,进站,平峰,工作日
150999061,北安河,120,120,120,出站,平峰,工作日
150999061,北安河,120,120,120,进站,全天,双休日
150999061,北安河,120,120,120,出站,全天,双休日
150999063,温阳路,120,120,120,进站,高峰,工作日
150999063,温阳路,120,120,120,出站,高峰,工作日
150999063,温阳路,120,120,120,进站,平峰,工作日
150999063,温阳路,120,120,120,出站,平峰,工作日
150999063,温阳路,120,120,120,进站,全天,双休日
150999063,温阳路,120,120,120,出站,全天,双休日
150999065,稻香湖路,120,120,120,进站,高峰,工作日
150999065,稻香湖路,120,120,120,出站,高峰,工作日
150999065,稻香湖路,120,120,120,进站,平峰,工作日
150999065,稻香湖路,120,120,120,出站,平峰,工作日
150999065,稻香湖路,120,120,120,进站,全天,双休日
150999065,稻香湖路,120,120,120,出站,全天,双休日
150999067,屯佃,120,120,120,进站,高峰,工作日
150999067,屯佃,120,120,120,出站,高峰,工作日
150999067,屯佃,120,120,120,进站,平峰,工作日
150999067,屯佃,120,120,120,出站,平峰,工作日
150999067,屯佃,120,120,120,进站,全天,双休日
150999067,屯佃,120,120,120,出站,全天,双休日
150999069,永丰,120,120,120,进站,高峰,工作日
150999069,永丰,120,120,120,出站,高峰,工作日
150999069,永丰,120,120,120,进站,平峰,工作日
150999069,永丰,120,120,120,出站,平峰,工作日
150999069,永丰,120,120,120,进站,全天,双休日
150999069,永丰,120,120,120,出站,全天,双休日
150999071,永丰南,120,120,120,进站,高峰,工作日
150999071,永丰南,120,120,120,出站,高峰,工作日
150999071,永丰南,120,120,120,进站,平峰,工作日
150999071,永丰南,120,120,120,出站,平峰,工作日
150999071,永丰南,120,120,120,进站,全天,双休日
150999071,永丰南,120,120,120,出站,全天,双休日
150999073,西北旺,120,120,120,进站,高峰,工作日
150999073,西北旺,120,120,120,出站,高峰,工作日
150999073,西北旺,120,120,120,进站,平峰,工作日
150999073,西北旺,120,120,120,出站,平峰,工作日
150999073,西北旺,120,120,120,进站,全天,双休日
150999073,西北旺,120,120,120,出站,全天,双休日
150999075,马连洼,120,120,120,进站,高峰,工作日
150999075,马连洼,120,120,120,出站,高峰,工作日
150999075,马连洼,120,120,120,进站,平峰,工作日
150999075,马连洼,120,120,120,出站,平峰,工作日
150999075,马连洼,120,120,120,进站,全天,双休日
150999075,马连洼,120,120,120,出站,全天,双休日
150999077,农大南路,120,120,120,进站,高峰,工作日
150999077,农大南路,120,120,120,出站,高峰,工作日
150999077,农大南路,120,120,120,进站,平峰,工作日
150999077,农大南路,120,120,120,出站,平峰,工作日
150999077,农大南路,120,120,120,进站,全天,双休日
150999077,农大南路,120,120,120,出站,全天,双休日
150996501,海淀五路居,120,120,120,进站,高峰,工作日
150996501,海淀五路居,120,120,120,出站,高峰,工作日
150996501,海淀五路居,120,120,120,进站,平峰,工作日
150996501,海淀五路居,120,120,120,出站,平峰,工作日
150996501,海淀五路居,120,120,120,进站,全天,双休日
150996501,海淀五路居,120,120,120,出站,全天,双休日
150996503,慈寿寺,120,120,120,进站,高峰,工作日
150996503,慈寿寺,120,120,120,出站,高峰,工作日
150996503,慈寿寺,120,120,120,进站,平峰,工作日
150996503,慈寿寺,120,120,120,出站,平峰,工作日
150996503,慈寿寺,120,120,120,进站,全天,双休日
150996503,慈寿寺,120,120,120,出站,全天,双休日
150996505,花园桥,120,120,120,进站,高峰,工作日
150996505,花园桥,120,120,120,出站,高峰,工作日
150996505,花园桥,120,120,120,进站,平峰,工作日
150996505,花园桥,120,120,120,出站,平峰,工作日
150996505,花园桥,120,120,120,进站,全天,双休日
150996505,花园桥,120,120,120,出站,全天,双休日
150996507,白石桥南,120,120,120,进站,高峰,工作日
150996507,白石桥南,120,120,120,出站,高峰,工作日
150996507,白石桥南,120,120,120,进站,平峰,工作日
150996507,白石桥南,120,120,120,出站,平峰,工作日
150996507,白石桥南,120,120,120,进站,全天,双休日
150996507,白石桥南,120,120,120,出站,全天,双休日
150996511,车公庄西,120,120,120,进站,高峰,工作日
150996511,车公庄西,120,120,120,出站,高峰,工作日
150996511,车公庄西,120,120,120,进站,平峰,工作日
150996511,车公庄西,120,120,120,出站,平峰,工作日
150996511,车公庄西,120,120,120,进站,全天,双休日
150996511,车公庄西,120,120,120,出站,全天,双休日
150996513,车公庄,120,120,120,进站,高峰,工作日
150996513,车公庄,120,120,120,出站,高峰,工作日
150996513,车公庄,120,120,120,进站,平峰,工作日
150996513,车公庄,120,120,120,出站,平峰,工作日
150996513,车公庄,120,120,120,进站,全天,双休日
150996513,车公庄,120,120,120,出站,全天,双休日
150996515,平安里,120,120,120,进站,高峰,工作日
150996515,平安里,120,120,120,出站,高峰,工作日
150996515,平安里,120,120,120,进站,平峰,工作日
150996515,平安里,120,120,120,出站,平峰,工作日
150996515,平安里,120,120,120,进站,全天,双休日
150996515,平安里,120,120,120,出站,全天,双休日
150996517,北海北,120,120,120,进站,高峰,工作日
150996517,北海北,120,120,120,出站,高峰,工作日
150996517,北海北,120,120,120,进站,平峰,工作日
150996517,北海北,120,120,120,出站,平峰,工作日
150996517,北海北,120,120,120,进站,全天,双休日
150996517,北海北,120,120,120,出站,全天,双休日
150996519,南锣鼓巷,120,120,120,进站,高峰,工作日
150996519,南锣鼓巷,120,120,120,出站,高峰,工作日
150996519,南锣鼓巷,120,120,120,进站,平峰,工作日
150996519,南锣鼓巷,120,120,120,出站,平峰,工作日
150996519,南锣鼓巷,120,120,120,进站,全天,双休日
150996519,南锣鼓巷,120,120,120,出站,全天,双休日
150996521,东四,120,120,120,进站,高峰,工作日
150996521,东四,120,120,120,出站,高峰,工作日
150996521,东四,120,120,120,进站,平峰,工作日
150996521,东四,120,120,120,出站,平峰,工作日
150996521,东四,120,120,120,进站,全天,双休日
150996521,东四,120,120,120,出站,全天,双休日
150996523,朝阳门,120,120,120,进站,高峰,工作日
150996523,朝阳门,120,120,120,出站,高峰,工作日
150996523,朝阳门,120,120,120,进站,平峰,工作日
150996523,朝阳门,120,120,120,出站,平峰,工作日
150996523,朝阳门,120,120,120,进站,全天,双休日
150996523,朝阳门,120,120,120,出站,全天,双休日
150996525,东大桥,120,120,120,进站,高峰,工作日
150996525,东大桥,120,120,120,出站,高峰,工作日
150996525,东大桥,120,120,120,进站,平峰,工作日
150996525,东大桥,120,120,120,出站,平峰,工作日
150996525,东大桥,120,120,120,进站,全天,双休日
150996525,东大桥,120,120,120,出站,全天,双休日
150996527,呼家楼,120,120,120,进站,高峰,工作日
150996527,呼家楼,120,120,120,出站,高峰,工作日
150996527,呼家楼,120,120,120,进站,平峰,工作日
150996527,呼家楼,120,120,120,出站,平峰,工作日
150996527,呼家楼,120,120,120,进站,全天,双休日
150996527,呼家楼,120,120,120,出站,全天,双休日
150996529,金台路,120,120,120,进站,高峰,工作日
150996529,金台路,120,120,120,出站,高峰,工作日
150996529,金台路,120,120,120,进站,平峰,工作日
150996529,金台路,120,120,120,出站,平峰,工作日
150996529,金台路,120,120,120,进站,全天,双休日
150996529,金台路,120,120,120,出站,全天,双休日
150996531,十里堡,120,120,120,进站,高峰,工作日
150996531,十里堡,120,120,120,出站,高峰,工作日
150996531,十里堡,120,120,120,进站,平峰,工作日
150996531,十里堡,120,120,120,出站,平峰,工作日
150996531,十里堡,120,120,120,进站,全天,双休日
150996531,十里堡,120,120,120,出站,全天,双休日
150996533,青年路,120,120,120,进站,高峰,工作日
150996533,青年路,120,120,120,出站,高峰,工作日
150996533,青年路,120,120,120,进站,平峰,工作日
150996533,青年路,120,120,120,出站,平峰,工作日
150996533,青年路,120,120,120,进站,全天,双休日
150996533,青年路,120,120,120,出站,全天,双休日
150996535,褡裢坡,120,120,120,进站,高峰,工作日
150996535,褡裢坡,120,120,120,出站,高峰,工作日
150996535,褡裢坡,120,120,120,进站,平峰,工作日
150996535,褡裢坡,120,120,120,出站,平峰,工作日
150996535,褡裢坡,120,120,120,进站,全天,双休日
150996535,褡裢坡,120,120,120,出站,全天,双休日
150996537,黄渠,120,120,120,进站,高峰,工作日
150996537,黄渠,120,120,120,出站,高峰,工作日
150996537,黄渠,120,120,120,进站,平峰,工作日
150996537,黄渠,120,120,120,出站,平峰,工作日
150996537,黄渠,120,120,120,进站,全天,双休日
150996537,黄渠,120,120,120,出站,全天,双休日
150996539,常营,120,120,120,进站,高峰,工作日
150996539,常营,120,120,120,出站,高峰,工作日
150996539,常营,120,120,120,进站,平峰,工作日
150996539,常营,120,120,120,出站,平峰,工作日
150996539,常营,120,120,120,进站,全天,双休日
150996539,常营,120,120,120,出站,全天,双休日
150996541,草房,120,120,120,进站,高峰,工作日
150996541,草房,120,120,120,出站,高峰,工作日
150996541,草房,120,120,120,进站,平峰,工作日
150996541,草房,120,120,120,出站,平峰,工作日
150996541,草房,120,120,120,进站,全天,双休日
150996541,草房,120,120,120,出站,全天,双休日
